caption,display_url,likes,short_code,post_year,post_month
#ChocolateCoveredRaisinDay: When chocolate and raisins got together to make a scrumptious snack.,https://instagram.fagc1-1.fna.fbcdn.net/v/t51.2885-15/917564_744290305671806_1535475286_n.jpg?stp=dst-jpg_e35_tt6&_nc_ht=instagram.fagc1-1.fna.fbcdn.net&_nc_cat=102&_nc_oc=Q6cZ2AHnx3Ng6bvYHZJcCpf1-cpdHI_pvWNS6zzvK5K4LAXNPQsnoKviewjsgII2516DUpk&_nc_ohc=k4JwIuwc5MgQ7kNvgHCivD_&_nc_gid=9f41182cc7fb4a6389ee7c17dbc9826f&edm=ANTKIIoBAAAA&ccb=7-5&oh=00_AYA2KVzGEziNIg8qS4tf_QVnIMEB9SUjFRuPcAOHZb48_g&oe=67B852BC&_nc_sid=d885a2,862,BDV_uBUwrIV,2016,3
"Where can you get a cat and a caffeine fix simultaneously? A local cat cafe, of course. Read more in this month's #CostcoConnection.",https://scontent-ord5-2.cdninstagram.com/v/t51.2885-15/12917807_581784388655619_1015939263_n.jpg?stp=dst-jpg_e35_tt6&_nc_ht=scontent-ord5-2.cdninstagram.com&_nc_cat=103&_nc_oc=Q6cZ2AHfOFoJzR4PIvCdyR92fDslLsKhdWKV7lNdr34lWsQggpT24gFZD5OQgxgxToPqZjg&_nc_ohc=agTekjuOMnEQ7kNvgG98qHR&_nc_gid=0b65004e31be4a34a1ebc1b28bbae833&edm=ANTKIIoBAAAA&ccb=7-5&oh=00_AYAssS3VW_RjQZyGlGnvoAPf-CCi9US2_BgrZWMoHU5PEw&oe=67B86082&_nc_sid=d885a2,384,BD0yhDUQrDL,2016,4
"@costcohotfinds, your dessert idea looks delicious! üçè",https://scontent-iad3-1.cdninstagram.com/v/t51.2885-15/298977490_1472203923295825_1222940066260237422_n.jpg?stp=dst-jpg_e15_tt6&_nc_ht=scontent-iad3-1.cdninstagram.com&_nc_cat=101&_nc_oc=Q6cZ2AFh5lt4eYUJRHas75YZ3sk2U8oW7ejlBbKGa4HloNxkg-attUtYpjVPcK7ZiD4G9Khx5tYNrGGWnMEidU3aiM3a&_nc_ohc=-o-mB5K9rE4Q7kNvgGgsJ4Q&_nc_gid=727bcf88cb25423a88ca81ea73dc836b&edm=ANTKIIoBAAAA&ccb=7-5&oh=00_AYAyc3RzI3Uk_B_p9XDELPW5g9flFrNwLQZt8cRSbHHeRQ&oe=67B85AD8&_nc_sid=d885a2,24361,ChNZMlbpBy9,2022,8
It looks like someone is a fan of #TongueOutTuesday and Kirkland Signature pet beds. Tag #Costco for a chance to be featured in a member spotlight.,https://scontent-atl3-1.cdninstagram.com/v/t51.2885-15/12446040_525022631013610_372586123_n.jpg?stp=dst-jpg_e35_tt6&_nc_ht=scontent-atl3-1.cdninstagram.com&_nc_cat=110&_nc_oc=Q6cZ2AFbWCPxtSfmLiq5pyjLA5x18c611P17uYliwbK6GjTwg8WviegZRTT78LPAOxSwVqU&_nc_ohc=0ojkdpguD7AQ7kNvgFw147g&_nc_gid=0778b4256a8049959203cbd7e846668a&edm=ANTKIIoBAAAA&ccb=7-5&oh=00_AYDIkpoQaYW-MoMYy-uY-MA9VCnUq1C8zM7-N69QQNvi7g&oe=67B86D0D&_nc_sid=d885a2,670,BAdHFRAwrO7,2016,1
Smile like it's still Saturday with a knock knock joke from LG. Share one of your own #KnockKnockMonday jokes below.,https://scontent-dfw5-2.cdninstagram.com/v/t51.2885-15/20214720_1761372580833388_6686291690686251008_n.jpg?stp=dst-jpg_e15_tt6&_nc_ht=scontent-dfw5-2.cdninstagram.com&_nc_cat=104&_nc_oc=Q6cZ2AHbi1XuM6f-dtCyooMtlHabNcyU5KRskZpp8vyLd-YVPF2oXlFpdS3TTfuu6PGhvOc&_nc_ohc=7a88R0CTFwkQ7kNvgGzqD0k&_nc_gid=8bddcfb9d5b645289e167d2967a93267&edm=ANTKIIoBAAAA&ccb=7-5&oh=00_AYCimSn6yN40zkdnh4uj5xxX20Ge_dr04DuvNe_VCqIivg&oe=67B8549A&_nc_sid=d885a2,354,BW8f2r4AunV,2017,7
"Crispy. Light. Flavorful. These coconut rolls are made with roasted black sesame seeds for an extra kick. Plus, this snack is free of artificial colors or flavors. Search Costco.com: Tropical Fields Crispy Coconut Rolls",https://scontent-mia3-1.cdninstagram.com/v/t51.2885-15/57387595_2362511767365976_6841576685211831672_n.jpg?stp=dst-jpg_e35_tt6&_nc_ht=scontent-mia3-1.cdninstagram.com&_nc_cat=104&_nc_oc=Q6cZ2AGmlbdb04IxYdpopCqf-3S7_p2kH6aieRqj2lUdq6mue2wPm1ysFpBvzWpOATXefIA&_nc_ohc=EcmzQ__E5VoQ7kNvgFuz56o&_nc_gid=9ed3d87717fc4530903ac03a91ef5bc6&edm=ANTKIIoBAAAA&ccb=7-5&oh=00_AYBniUxc7vpXL4lDfiXI_IaWiP5ALluxYhiWN85BSviW-Q&oe=67B85DD7&_nc_sid=d885a2,1095,Bw23r6AAIW-,2019,4
"You're a cheese pull champ, @plates4plates! üèÖ",https://scontent-ord5-2.cdninstagram.com/v/t51.29350-15/286953801_1956204961230411_2148668871607736851_n.jpg?stp=dst-jpg_e35_tt6&_nc_ht=scontent-ord5-2.cdninstagram.com&_nc_cat=103&_nc_oc=Q6cZ2AEN4hcbapbvEDGKiYfWTR7CjMZnpEk29GnyEKQ-4nayqW4yiGCu-8D9bLs40kgPHxc&_nc_ohc=YTxuAjKbFNkQ7kNvgGgdj07&_nc_gid=0e225d3876e240d4937c1a35e56786de&edm=ANTKIIoBAAAA&ccb=7-5&oh=00_AYCotZ7qICZjjD7ofIIyoRl8NtDZGGBRWlIgrWdTuY7xEQ&oe=67B85795&_nc_sid=d885a2,3080,CerEEZyuMxn,2022,6
‚ÄôTis the season for festive treats. üíÄ  Available in warehouses: The Nightmare Before Christmas: The Official Cookbook & Entertaining Guide,https://instagram.fhsv1-1.fna.fbcdn.net/v/t51.29350-15/247092089_593782011971795_2111807327155407268_n.jpg?stp=dst-jpg_e35_tt6&_nc_ht=instagram.fhsv1-1.fna.fbcdn.net&_nc_cat=111&_nc_oc=Q6cZ2AErlHOZLp3f_MT58TCDp7wYVmaGPK3iltpgxg63uJvOMjCzVBkZ2_tsNqC8rYQCcUs&_nc_ohc=BEGDSgpQJLYQ7kNvgEEyr_3&_nc_gid=0696f2ff308e413f9c4752dcf5c977a4&edm=ANTKIIoBAAAA&ccb=7-5&oh=00_AYDAfZMa-EV8b76xj1y0Eg4zgYVhdZe6Wsg26iEaHEcutQ&oe=67B8590D&_nc_sid=d885a2,5669,CVNz35DFkKD,2021,10
A little piece of goodness.,https://scontent-dfw5-2.cdninstagram.com/v/t51.2885-15/38422956_313792079194672_8134972885337899008_n.jpg?stp=dst-jpg_e15_tt6&_nc_ht=scontent-dfw5-2.cdninstagram.com&_nc_cat=104&_nc_oc=Q6cZ2AH32XYXI0Qvvz0bMy7aSFJ6gJ1sGvTA6d_ypU35Q5KIxssVCzWQ6TyzFMtuKGrmn7E&_nc_ohc=w-pe2XYq_1cQ7kNvgHaW0c9&_nc_gid=0fcfb389fd7e4baa9212e3f3cb154282&edm=ANTKIIoBAAAA&ccb=7-5&oh=00_AYCkzFvyeXQKqVmUpnLzGl0MS1NGBC26cWEx5xEwJyX0MQ&oe=67B8506E&_nc_sid=d885a2,879,BmjqIgGH-Fg,2018,8
Pizza eating contest: Ready. Set. Go. #Costco,https://scontent-ord5-2.cdninstagram.com/v/t51.2885-15/26365862_1791117021180995_6954843759343304704_n.jpg?stp=dst-jpg_e35_tt6&_nc_ht=scontent-ord5-2.cdninstagram.com&_nc_cat=111&_nc_oc=Q6cZ2AHgjPRoam4XtDhTkHPNtdsMTCjDJ7C8JI5v0e25oUZTbhOcgbD1AWnqeC8uGNi6KGnwAfCE4prFlZwwy7s58xhL&_nc_ohc=spOcUaowa9IQ7kNvgHL85GR&_nc_gid=daa22fa27e4b4e869c47bedd704e53be&edm=ANTKIIoBAAAA&ccb=7-5&oh=00_AYCMBrqJIBmnxP08m1rVt503vd7IU1oJI7tNuj8s9Drv8Q&oe=67B83F76&_nc_sid=d885a2,2385,BeEQyGQnh0z,2018,1
Celebrate your caffeine craving today. #NationalCoffeeDay,https://scontent-atl3-2.cdninstagram.com/v/t51.2885-15/22071185_119025858773293_5802284208810360832_n.jpg?stp=dst-jpg_e35_tt6&_nc_ht=scontent-atl3-2.cdninstagram.com&_nc_cat=101&_nc_oc=Q6cZ2AGv2jMpgeRqF96hf-ycMEKQOMbvuvzarMDyOVPEJxPCEdCJ2muYQOIP5z9qm5Il6u-cqmHV-HOOIMIg3Eh0bZac&_nc_ohc=a3aDQOz6b3IQ7kNvgHg-bGP&_nc_gid=b00277a1ca6e4811bb6a04dfcb83a60b&edm=ANTKIIoBAAAA&ccb=7-5&oh=00_AYBygdvL7vlwAV117wFnYa6KOSynfdo-2Fcy6SivxaBFcQ&oe=67B870F1&_nc_sid=d885a2,1597,BZo42w0n5wR,2017,9
Happy Halloween!,https://scontent-mia3-1.cdninstagram.com/v/t51.2885-15/75362567_158065568617319_220732071345681082_n.jpg?stp=dst-jpg_e35_tt6&_nc_ht=scontent-mia3-1.cdninstagram.com&_nc_cat=111&_nc_oc=Q6cZ2AEp6s6McyZvkWxcxilWL9D4qakuqfxdMfjK4mf9TK5oouccIHjk6JSI1Kgz5zQ_i1I&_nc_ohc=LH4hl0-scIIQ7kNvgHZ8fRF&_nc_gid=5c781eefa79145f4a05aa54e215d2ab2&edm=ANTKIIoBAAAA&ccb=7-5&oh=00_AYCc5nG8vtv3naB8kdZxZ8fOQGgTjIsXnKKcVyKNfvzRXw&oe=67B8400D&_nc_sid=d885a2,4270,B4SmSLzg0gr,2019,10
"Help melt holiday stress, a great gift to give to yourself! üíÜüèΩ‚Äç‚ôÄÔ∏è Save $15 through 12/12/21.  Available in warehouses and at Costco.com: Sharper Image Power Percussion Deep Tissue Massager",https://scontent-bos5-1.cdninstagram.com/v/t51.29350-15/260484162_433381551773347_5902378207664599657_n.jpg?stp=dst-jpg_e35_tt6&_nc_ht=scontent-bos5-1.cdninstagram.com&_nc_cat=107&_nc_oc=Q6cZ2AHcDsf43g0FrHmNpduXuJIQFYmWg7aJZrudiXj_pHGGTegyFkX-mu93txky8JIRr3xGo9GlQ6XBaJik4z-ri0eO&_nc_ohc=VjDYanb6_gsQ7kNvgGSlcOu&_nc_gid=f4aaba937e8b4cd09b41176c95e5479f&edm=ANTKIIoBAAAA&ccb=7-5&oh=00_AYCdrlhn7j_kNg4sI6FrVK4oSWT3uNFItNnLYx2QEgrAAQ&oe=67B85F26&_nc_sid=d885a2,1889,CWqpoR2PVVt,2021,11
Easy to snap and store. üëç Save $4 through 4/5/20.,https://scontent-hou1-1.cdninstagram.com/v/t51.2885-15/89719913_2771005299615601_2242611979566147288_n.jpg?stp=dst-jpg_e35_tt6&_nc_ht=scontent-hou1-1.cdninstagram.com&_nc_cat=101&_nc_oc=Q6cZ2AE_6EACn6nt8Jx05vOFbg2zdqfGvHBiVzDDY7debHLZVtMtc0ShhQb8gi2S_9fXuPg6DTSPMeH-1OD2MAfeWn6l&_nc_ohc=nQkbA1FW5QsQ7kNvgFKEIDy&_nc_gid=8a8cd9149b33448595c66cd2e2016f88&edm=ANTKIIoBAAAA&ccb=7-5&oh=00_AYBUGGEnhJxKfphu1cq_RVLGeMCTRlmMCeibilONOSN5zQ&oe=67B84031&_nc_sid=d885a2,1383,B9rY6-JAkqp,2020,3
Roll out this packable blanket and have yourself a picnic. üß∫ Save $5 through 5/15/22 at Costco.com.  Available in warehouses and at Costco.com: Pendleton Packable Blanket,https://scontent-atl3-1.cdninstagram.com/v/t51.2885-15/279457760_1027249628201451_8837341611412878656_n.jpg?stp=dst-jpg_e35_tt6&_nc_ht=scontent-atl3-1.cdninstagram.com&_nc_cat=103&_nc_oc=Q6cZ2AGLVruzwtsydKgh6VV6bOrPGIjjBav1jfiRo8rl9tyTFSCdvbuhjlCTZymKTLkeIn8&_nc_ohc=j5t90KBB-G0Q7kNvgHeUgDb&_nc_gid=8ee630d646594be4b0b14550b1aac8a9&edm=ANTKIIoBAAAA&ccb=7-5&oh=00_AYC93IXomvwQPqhRWopC-rV8l49_heKTE7sZbZQ0jXXmoA&oe=67B84A36&_nc_sid=d885a2,6616,Cc_HWmEhccX,2022,4
It's a lot messier when you take it apart. Just another day for #CostcoQualityAssurance. #KirklandSignatureLasagna,https://scontent-lga3-1.cdninstagram.com/v/t51.2885-15/10598668_1539072222990860_925542809_n.jpg?stp=dst-jpg_e15_tt6&_nc_ht=scontent-lga3-1.cdninstagram.com&_nc_cat=108&_nc_oc=Q6cZ2AFnXrgSNLcf-hGjdqTtCsNnXgTr8I0gu0QD1rGTWDmVdVhRPVGZ82mhbO_jvabkiCE&_nc_ohc=XoEOSGc0aj0Q7kNvgEOxLkx&_nc_gid=d5d467eacdba4e4bb3c201dcf959938d&edm=ANTKIIoBAAAA&ccb=7-5&oh=00_AYDiesAN9DXTQQK1WnY_9jVLOz1PX53BVb_zEASscCZ0Mg&oe=67B842A2&_nc_sid=d885a2,146,sN8OS5QrPF,2014,8
Be prepared for your on-the-road adventures.,https://scontent-atl3-2.cdninstagram.com/v/t51.2885-15/98161297_2583521428642427_4268465560078268903_n.jpg?stp=dst-jpg_e35_tt6&_nc_ht=scontent-atl3-2.cdninstagram.com&_nc_cat=111&_nc_oc=Q6cZ2AEt7t53aNVdwHfF2GC0yoNf8Ewqm7V5bUJP4IbOvqvYb6tR0WNAo2azwrPj_ks7BAI&_nc_ohc=ePzoLVjkDvYQ7kNvgECpLLi&_nc_gid=4f1867c89a8142949b55eb62e8395954&edm=ANTKIIoBAAAA&ccb=7-5&oh=00_AYDvf2_LOf8htK_W4vwv_pkdy9R2lI4tLK-Bia_mBWSMSg&oe=67B85D79&_nc_sid=d885a2,7787,CAYwUGyAe9j,2020,5
"Emergency vase idea: Cut off top of bottle with scissors, fill with water and insert flower. #CostcoHack",https://instagram.fjan1-1.fna.fbcdn.net/v/t51.2885-15/12747599_1218151348214292_1965978405_n.jpg?stp=dst-jpg_e35_tt6&_nc_ht=instagram.fjan1-1.fna.fbcdn.net&_nc_cat=100&_nc_oc=Q6cZ2AGnaDJqg21FfZDIxdY0qk0UAJFfVWxpWXYtv51sR-rW2NPAH_N2wW9EvPRbBOkKl8A&_nc_ohc=7nNHL5Szg_YQ7kNvgHFwJpX&_nc_gid=6e57e3c62f6f46f1b23c7428f2d4e30f&edm=ANTKIIoBAAAA&ccb=7-5&oh=00_AYB5pCQWSbnXjrMcXfHBMh1Uya9KrDt4WZ1Qjk5XQ-Dd6Q&oe=67B84EEA&_nc_sid=d885a2,833,BBs28uYQrO5,2016,2
"The beach is calling you, and don't forget the cooler! ‚õ±   Available in warehouses: Titan Backpack Cooler",https://scontent-ord5-2.cdninstagram.com/v/t51.2885-15/293613168_704574980641154_6028177575072425741_n.jpg?stp=dst-jpg_e15_tt6&_nc_ht=scontent-ord5-2.cdninstagram.com&_nc_cat=102&_nc_oc=Q6cZ2AFg6mDh9tqnudfQahU8yBmMcwBaozALw1fhna0we2IL6Nbf3uVtKJlkmsP0C10wbxg0RwelSK4ch-9lzAsjTfze&_nc_ohc=gQjQzWfzqoUQ7kNvgElzhjp&_nc_gid=1dfc097623d9406788c8688336163de4&edm=ANTKIIoBAAAA&ccb=7-5&oh=00_AYC6ZheAa128kTCPVx2wIDxJJYekrerlk7U46hfC__cs_w&oe=67B863E5&_nc_sid=d885a2,9238,Cf9lDLzjQcM,2022,7
Beautiful beaches meet ancient mythology on spectacular Crete. Experience this gorgeous Greek island with Costco Travel.,https://scontent-lga3-3.cdninstagram.com/v/t51.2885-15/19955641_149391392301520_3818305116751003648_n.jpg?stp=dst-jpg_e35_tt6&_nc_ht=scontent-lga3-3.cdninstagram.com&_nc_cat=104&_nc_oc=Q6cZ2AH1R7ReqW0oJjJxmbyza_lZdl871cnRLY3j06kOyVJMjNdVzTkTQjOKvGy2n6nZWHaUsSPmbeCJ6BuBwE5mPuzl&_nc_ohc=PVc7z5wjXcgQ7kNvgGnXi-Z&_nc_gid=0e7c6d41006b4ef48281feceaeb79df2&edm=ANTKIIoBAAAA&ccb=7-5&oh=00_AYBS5Q-EDL8zcueOEwasoXGK86y0_izIDnoNI2ZcqVyn6Q&oe=67B85D9B&_nc_sid=d885a2,853,BWgAv3WgZ9x,2017,7
"Squeeze in one last summer picnic with items from Costco! Thanks, @danirueda üß∫",https://instagram.ffsd2-1.fna.fbcdn.net/v/t51.2885-15/305391481_1124898045072540_326180042314935828_n.jpg?stp=dst-jpg_e15_tt6&_nc_ht=instagram.ffsd2-1.fna.fbcdn.net&_nc_cat=100&_nc_oc=Q6cZ2AHH1PyARfNilwGowXKGICQaUy0tTeI6KW-_bs2op0fKi5VTg9Dbdg-F6q4g1HyENqM&_nc_ohc=fSp7EitrD-sQ7kNvgFNWt1M&_nc_gid=5f93ab41d8fc46659090556a94cd7201&edm=ANTKIIoBAAAA&ccb=7-5&oh=00_AYAPTHlW0LqeZFaTGQIoEqp98lV91-woSt0sImoHTBv6-g&oe=67B85474&_nc_sid=d885a2,3443,CiOFQH3Ds46,2022,9
This #CostcoFind is designed to help purify rooms up to 343 square feet with five stage filtration. Sign us up. üí® Save $40 through 2/27/22.  Available in warehouses and at Costco.com: HoMedics TotalClean Deluxe 5-in-1 Tower Air Purifier with UV-C Technology,https://scontent-ord5-2.cdninstagram.com/v/t51.29350-15/274535748_353028530025923_7772894442081598969_n.jpg?stp=dst-jpg_e35_tt6&_nc_ht=scontent-ord5-2.cdninstagram.com&_nc_cat=111&_nc_oc=Q6cZ2AHY9BWvVpPSqvzzA6fri_MrHaglqk_F5S7PtSFRzxq7MbqaMUPBCWw2mVLJZ-tmqAYLkwC1_OuNO8aOXgMBq7Kw&_nc_ohc=mhrL_AQ4De4Q7kNvgHXa32X&_nc_gid=e0dd4e1608c64aeca826a2ddddcfd3fb&edm=ANTKIIoBAAAA&ccb=7-5&oh=00_AYAsHiTE9DX9ILZRm3Xpx6B5SqNKueKLR8QotbVjXj2_-Q&oe=67B8728A&_nc_sid=d885a2,1577,CaXqqGjhvne,2022,2
One bag for the trick-or-treaters. One bag for you.,https://scontent-lax3-1.cdninstagram.com/v/t51.2885-15/42674283_279017789614520_4484614378410461029_n.jpg?stp=dst-jpg_e15_tt6&_nc_ht=scontent-lax3-1.cdninstagram.com&_nc_cat=108&_nc_oc=Q6cZ2AHhVR5CI8_ib7xJ7rZSl8vYu2N5VeKmxg2sEE6nI4taCOHBhANsZRBHKdjxvVkE1wo&_nc_ohc=sabmkCe9kXwQ7kNvgG_eVat&_nc_gid=7873c0d4fe964716a34876e68c57c931&edm=ANTKIIoBAAAA&ccb=7-5&oh=00_AYCElWpRfY4w7M1bi8jxq_OiiYO61_yOIwzq_ktsCP5OSg&oe=67B86A28&_nc_sid=d885a2,866,Bo-RraJHSEz,2018,10
Pumpkin Pie: It's back; it's here. We've been waiting all year!,https://scontent-ord5-2.cdninstagram.com/v/t51.2885-15/10683783_731432950225556_1407844206_n.jpg?stp=dst-jpg_e15_tt6&_nc_ht=scontent-ord5-2.cdninstagram.com&_nc_cat=108&_nc_oc=Q6cZ2AEhrRoU6E2EEpsI-JaLqDI5XWhRU_4zLn6Xr964fIdmWtg0ZAjnu3K2btf8SZDEcVBk9dkxK43K5xuk2TNVIdSa&_nc_ohc=Ksw4byR8gPEQ7kNvgGbR27r&_nc_gid=fa0bca1c4f5a4620a86857326b9555f1&edm=ANTKIIoBAAAA&ccb=7-5&oh=00_AYD-qWEy7xPfURcTIlJlwHkQhO1Y5addbGEmmBFymziMPQ&oe=67B8741F&_nc_sid=d885a2,322,sfwtUXQrBO,2014,9
"Surrounded by the Costa Rican rain forest on one side and the Pacific Ocean on the other, this eco-friendly resort offers beauty in every direction. Visit Facebook.com/Costco to find a link to this offer.",https://scontent-atl3-1.cdninstagram.com/v/t51.2885-15/21147968_166500570586839_3578697515601494016_n.jpg?stp=dst-jpg_e35_tt6&_nc_ht=scontent-atl3-1.cdninstagram.com&_nc_cat=103&_nc_oc=Q6cZ2AGTILxgty_OIXmQhXb31TZL-NUjF8rrNXqGTRzd1eV1nDpySlJ_RLyon4qujCEfNHkpnj8JVcaHgvj9Tm_6T2cB&_nc_ohc=o0doBH_CRJwQ7kNvgEcb9pJ&_nc_gid=1e9f5e32b897413887d720db84b1bd01&edm=ANTKIIoBAAAA&ccb=7-5&oh=00_AYDrHBzgX_fGe0JlxK_wIvZpvoFBDVpLi7sbAv-kO5MC8w&oe=67B844F3&_nc_sid=d885a2,718,BYeNoKBnTGb,2017,8
Share the holiday magic with this #CostcoFind ‚Äì available at your local Costco.,https://scontent-bos5-1.cdninstagram.com/v/t51.2885-15/79333828_733215130421049_3198550398423112366_n.jpg?stp=dst-jpg_e35_tt6&_nc_ht=scontent-bos5-1.cdninstagram.com&_nc_cat=109&_nc_oc=Q6cZ2AEVQRDmXQlBp6AJXumRoBchJAe2p478M3bL1u33vpQ6SKpG-IfX3bM5vrIX0rsoop0&_nc_ohc=sxh_HDFndh4Q7kNvgEV7zye&_nc_gid=d1aa6fca8a9d4d54973907f6e7befff8&edm=ANTKIIoBAAAA&ccb=7-5&oh=00_AYAOcs6-Nntlb1X5r7PB5ZwwRLf1mDopqj40ROL2k3BlTA&oe=67B8713A&_nc_sid=d885a2,1486,B6LaCSVA9jO,2019,12
Do you have a favorite Costco gas attendant? Tell us about your experience.,https://scontent-iad3-1.cdninstagram.com/v/t51.2885-15/17333139_1577996195563604_2518573387924635648_n.jpg?stp=dst-jpg_e35_tt6&_nc_ht=scontent-iad3-1.cdninstagram.com&_nc_cat=108&_nc_oc=Q6cZ2AG-rbwhqb1Sidhhlcm6ehbOk6U86NI2zV0a5lBTkuhVHVivj1r45LVqt8dgrmDABMJLdpY-y1QR_HSzrtJZVq8m&_nc_ohc=nremq9WTC8kQ7kNvgH3ajIs&_nc_gid=6d6fa7d1f78b42a29f1cd8fc53b14811&edm=ANTKIIoBAAAA&ccb=7-5&oh=00_AYCRnHsS0ySWYtz3RxH85TB13M0b86_8jwyggDv-t9lFrg&oe=67B849CA&_nc_sid=d885a2,736,BRtIhfqlxcE,2017,3
Costco members share their entrepreneurial experiences as students in the August ‚Ä™#‚ÄéCostcoConnection‚Ä¨ cover story.,https://scontent-sea1-1.cdninstagram.com/v/t51.2885-15/13715058_600121923500404_1926396535_n.jpg?stp=dst-jpg_e35_tt6&_nc_ht=scontent-sea1-1.cdninstagram.com&_nc_cat=104&_nc_oc=Q6cZ2AHrR1IC4wjvz9XnDEhGcccASX290FlewedaR6gSVAU5Wpi-SnZtErS6dWHxl3m9myqgX2p2JSXImBY7PVbpRf2N&_nc_ohc=cUWpBd7n-SYQ7kNvgHkv8yp&_nc_gid=741c47cbaa6f44fd9b083cbb70d08493&edm=ANTKIIoBAAAA&ccb=7-5&oh=00_AYAOPO7zco690mfsO1YgT74T-GyZCqBhqUPrX-avGZS6aQ&oe=67B841D0&_nc_sid=d885a2,528,BIoCP-pBRv8,2016,8
Oh happy day: It's a Costco shopping day! Tag #Costco on Instagram.,https://scontent-lga3-2.cdninstagram.com/v/t51.2885-15/17076413_447138022285027_8387996486851362816_n.jpg?stp=dst-jpg_e35_tt6&_nc_ht=scontent-lga3-2.cdninstagram.com&_nc_cat=107&_nc_oc=Q6cZ2AGQMb5Xz2iBLQAeJCmRkVlK_l8u9b6WqPsY1_pzkMpVIysJO_7MaWQj-55tL92pHMM&_nc_ohc=Jkp7k2k-KiUQ7kNvgH099a4&_nc_gid=744570e74e65466b814f048099571d65&edm=ANTKIIoBAAAA&ccb=7-5&oh=00_AYCSP5K0UyF8dNHI2QN3sjBOvRbuRz3myq5gyAd7rpXVvg&oe=67B8529C&_nc_sid=d885a2,990,BRUMe6tgBML,2017,3
That moment when one handful leads to two.,https://scontent-atl3-2.cdninstagram.com/v/t51.2885-15/37991731_268148120452385_8652228612977590272_n.jpg?stp=dst-jpg_e15_tt6&_nc_ht=scontent-atl3-2.cdninstagram.com&_nc_cat=105&_nc_oc=Q6cZ2AFUKlifgJYOOtOeebzIlT_23-WB-teLlmc1k4GYCmMIB_xZP80O7cAf4SKzJBO2WonX3yxeHAzDbIR38H_iaQkr&_nc_ohc=fVDUdF3mjNkQ7kNvgEzGfqA&_nc_gid=603ebdf5c126495689003290c5a1f2ec&edm=ANTKIIoBAAAA&ccb=7-5&oh=00_AYAQFv6_5xWpANouo9RCI5F7G8ZBtSnSULzHS43MMAxAVQ&oe=67B84E96&_nc_sid=d885a2,1604,BmRnDXen55-,2018,8
"Chew on this: Save $4.50 on Natural Nubz Chew Treats through Monday, April 17. @nylabone",https://scontent-atl3-2.cdninstagram.com/v/t51.2885-15/17817740_1306421219435536_2020584230739771392_n.jpg?stp=dst-jpg_e15_tt6&_nc_ht=scontent-atl3-2.cdninstagram.com&_nc_cat=104&_nc_oc=Q6cZ2AFVqZ1InRcX4dnOFYX_PK6tb1uH90Sk-NZYOg5lbIW5ylTB7aZfhbqu8YIQhn2A4-rg1B30-vjuvVr0jvCPnTfP&_nc_ohc=mnbB0wtX2-sQ7kNvgHjd0CE&_nc_gid=962ea8d28b05425f8c2e3bbefedd9ddd&edm=ANTKIIoBAAAA&ccb=7-5&oh=00_AYB_lWjq7zEL0eXbXxGJA56tfpPLjxU-egwg9ow8t4wojw&oe=67B84D64&_nc_sid=d885a2,577,BSmeUVvlO-C,2017,4
üé∂ Find Apple AirPods on Costco.com.,https://scontent-lax3-1.cdninstagram.com/v/t51.2885-15/97264306_643149009571112_5851632952068169622_n.jpg?stp=dst-jpg_e35_tt6&_nc_ht=scontent-lax3-1.cdninstagram.com&_nc_cat=108&_nc_oc=Q6cZ2AEcPeO32Tat6df66QDi5ITNahYGb4grSQB88adTFjvYqCWmVFGBbjIUkW-XlqzhsCs&_nc_ohc=xEQChLQ-BDcQ7kNvgH_kYxx&_nc_gid=35ad176fabe7420aa76c615cb83ee288&edm=ANTKIIoBAAAA&ccb=7-5&oh=00_AYAczHoI0rcG_Vd7AxQA3IG669lwUm6uaMNFSV9gY95kJw&oe=67B8407B&_nc_sid=d885a2,2527,CAOilmugBrT,2020,5
Round out your day with 15 grams of protein per serving ‚Äì in either vanilla or chocolate!,https://scontent-lga3-2.cdninstagram.com/v/t51.2885-15/89091645_491654844840245_668181449803926410_n.jpg?stp=dst-jpg_e35_tt6&_nc_ht=scontent-lga3-2.cdninstagram.com&_nc_cat=105&_nc_oc=Q6cZ2AFB8c_ypETQ34h1bH-OOziUrNQb4PSOh2EpLXcpefywEtP8ZqIJ6dA-rdBJSWkV3CA&_nc_ohc=5VNJwBh_tfsQ7kNvgHErdEd&_nc_gid=a393a2d5930c4e838ae825d0e968c98a&edm=ANTKIIoBAAAA&ccb=7-5&oh=00_AYASOGULlxHUHj2miyrLqS8sk_2-1RtSDWs7-hc4Ci-1EQ&oe=67B85833&_nc_sid=d885a2,2989,B9aScZfAki5,2020,3
Fill the room with fragrance. Find the Archipelago Reed Diffusers 2-pack at Costco.com.,https://scontent-sea1-1.cdninstagram.com/v/t51.2885-15/46656799_307432206768812_2575910040239055838_n.jpg?stp=dst-jpg_e15_tt6&_nc_ht=scontent-sea1-1.cdninstagram.com&_nc_cat=108&_nc_oc=Q6cZ2AHHc4q7-I_bHouekuLzXJWicuT3r4l7GJOmpMyVmcLnX9wxvol6MmuuESi_PHopgOj5DiQp1B29WDp97V_9z3SR&_nc_ohc=TMVLZsHu0pMQ7kNvgGTz0N3&_nc_gid=d3fc883f1c194ec8b485d74dfa8ea60e&edm=ANTKIIoBAAAA&ccb=7-5&oh=00_AYA5zhmphkm5PNlljK6ROINUTpggHa4tOfsuHVIRCwvibw&oe=67B83E31&_nc_sid=d885a2,785,BqvXVNFgJ8l,2018,11
"Pick up your copy of ""Rogue One: A Star Wars Story"" today at Costco. #StarWarsDay #MayThe4th",https://scontent-sea1-1.cdninstagram.com/v/t51.2885-15/18251659_250820665385421_1111838604822315008_n.jpg?stp=dst-jpg_e35_tt6&_nc_ht=scontent-sea1-1.cdninstagram.com&_nc_cat=109&_nc_oc=Q6cZ2AH-DFc9O5H1V8WaX1fZnp2e__mY40JCyiQ-yHtQ1AWX-NujuosaiAdavXyPmlOarSk&_nc_ohc=_AZk2c_VtQ8Q7kNvgHtWkbq&_nc_gid=4f4bba02bbcc4efdae102df5911e7984&edm=ANTKIIoBAAAA&ccb=7-5&oh=00_AYACZJ6kXYTMuCModPiEfDrJn3MSer8KiPYVVnPc5XWClA&oe=67B8607D&_nc_sid=d885a2,1341,BTrYNkIAnvq,2017,5
"Breakfast, mid-afternoon snack or dessert? ü•ú Save $6 through 8/29/21.  Available in warehouses and at Costco.com: Perfect Bar Organic Variety Pack",https://scontent-hou1-1.cdninstagram.com/v/t51.29350-15/240764058_1192344791274905_788023667130599585_n.jpg?stp=dst-jpg_e35_tt6&_nc_ht=scontent-hou1-1.cdninstagram.com&_nc_cat=105&_nc_oc=Q6cZ2AG3DComGeGkpvuLEorOB8qImPAZmgKEsVrGwU3eJeU4UT3P9n5p8MnePN--VpY7hCIU13wBhv2C055ec-rXpfsf&_nc_ohc=ScL2og3QszEQ7kNvgGO5z6Z&_nc_gid=ad907dabe4f54216b06183ae3514dee2&edm=ANTKIIoBAAAA&ccb=7-5&oh=00_AYBuBYoLWLA9krniUiJQVZXuLSlZm04f2tQB5EgBzLen8g&oe=67B84BD7&_nc_sid=d885a2,1113,CTF1jV6BhRg,2021,8
Friendly reminder: We'll be closed on Easter.,https://scontent-sjc3-1.cdninstagram.com/v/t51.2885-15/12912550_1067923869939775_1017199311_n.jpg?stp=dst-jpg_e35_tt6&_nc_ht=scontent-sjc3-1.cdninstagram.com&_nc_cat=107&_nc_oc=Q6cZ2AG8MvGkds_pPDWw2gYPl3SwEUIPfeqBRpuhvX3BHuzLwVnWbBWUGXuvvCMB8Kavi9I&_nc_ohc=W2oEDjfXSkwQ7kNvgE7SbZN&_nc_gid=352c5b2d1d8b4b4dbad2db64e6b22639&edm=ANTKIIoBAAAA&ccb=7-5&oh=00_AYBNtQCM78tYEQHyOYqMQCBG_GLkSP5c2GkJSCTNbdLFYA&oe=67B85983&_nc_sid=d885a2,537,BDWt6tAQrLL,2016,3
"When you've gotta grab a slice. üçï How was it, @amariiii_mm?",https://scontent-atl3-1.cdninstagram.com/v/t51.29350-15/274651210_507721620701307_4320012152253228873_n.jpg?stp=dst-jpg_e35_tt6&_nc_ht=scontent-atl3-1.cdninstagram.com&_nc_cat=103&_nc_oc=Q6cZ2AEw7EzVOu5QzNiJWSNKWzaba8FGKPtueQtItJwjlmra-e67EFgycjAFdk3Y9aZn0iWK-csKwMvAwP7KkcM_Rrcv&_nc_ohc=vtBlcx8K5DAQ7kNvgG__5uM&_nc_gid=0739719312b0464c859ca93cdab295c5&edm=ANTKIIoBAAAA&ccb=7-5&oh=00_AYCUgq1Is3wiaWS7g2Weaf-yMoNt2opTHhBdZD8i8DUS_g&oe=67B84013&_nc_sid=d885a2,2944,CaaSR2tFFAC,2022,2
Get ready for puddle jumping. üåßüåÇ  Search Costco.com: Chooka Ladies‚Äô Rain Boots,https://scontent-lga3-2.cdninstagram.com/v/t51.29350-15/119235608_1026419894479653_819443358172910288_n.jpg?stp=dst-jpg_e35_tt6&_nc_ht=scontent-lga3-2.cdninstagram.com&_nc_cat=109&_nc_oc=Q6cZ2AE5-IdNrngbbC7qoBtV0F-e_uGXq2YZcRcGEI3C2dD383qgPfq86lMmEOHLgmjwJr8K4kyEciaMFS-U1_FobIdd&_nc_ohc=1yhFJ9GC4xUQ7kNvgGxTQhY&_nc_gid=82918304fe36478aa45385aefeb5113d&edm=ANTKIIoBAAAA&ccb=7-5&oh=00_AYCUHOmgyq375Qs-wrXU2KN-lWC1m_9z0TX3G3HKbgf6TQ&oe=67B86550&_nc_sid=d885a2,1849,CE95ErVAODD,2020,9
I'm still watching ... #ElfOnTheShelf,https://scontent-lga3-3.cdninstagram.com/v/t51.2885-15/914753_1525963350990028_1025930553_n.jpg?stp=dst-jpg_e15_tt6&_nc_ht=scontent-lga3-3.cdninstagram.com&_nc_cat=104&_nc_oc=Q6cZ2AERSXBJgrYe6zviczFL9MUMrg1tPlcrf-TIhTBKeOp-FqA7cxDTyMKu-Gi_rbw8vW8&_nc_ohc=fHldbP9whAsQ7kNvgH1jX36&_nc_gid=b0a703c961d64ab191117e8cc1ee0c76&edm=ANTKIIoBAAAA&ccb=7-5&oh=00_AYD2RpV9FxzP6IB4sz6WEAhISrhWGhilmL6Nd2qG1yaWFg&oe=67B842E5&_nc_sid=d885a2,317,w9dtiXQrL3,2014,12
"Get ready for compliments when you serve this cardamom-spiced leg of lamb to your friends and family, courtesy of Australian Lamb and Thomas Foods USA. For the full recipe, visit Facebook.com/Costco.",https://scontent-mia3-2.cdninstagram.com/v/t51.2885-15/15535324_1754217694899098_1224491654216417280_n.jpg?stp=dst-jpg_e35_tt6&_nc_ht=scontent-mia3-2.cdninstagram.com&_nc_cat=102&_nc_oc=Q6cZ2AHqSFNPPbQQrdkXClRX4aiUrVo_4a_Jww-1t2A9OKml18Z4FhGkR5PgVuXhZglDMPR9ZsM_FTwjQoF3ooZIm-yw&_nc_ohc=0VRWFigD2SwQ7kNvgGjlMvk&_nc_gid=9a1f7a43f2824f258e8da7580f339dd6&edm=ANTKIIoBAAAA&ccb=7-5&oh=00_AYBARLJlKXYHwkncURwkkbuUvox0ybMjnv_VL_pPWdGHmg&oe=67B86290&_nc_sid=d885a2,605,BOVfPfxhOR8,2016,12
Stock up for winter. ‚ùÑÔ∏è,https://scontent-dfw5-1.cdninstagram.com/v/t51.29350-15/130297344_214757753500385_8232984946202365347_n.jpg?stp=dst-jpg_e35_tt6&_nc_ht=scontent-dfw5-1.cdninstagram.com&_nc_cat=105&_nc_oc=Q6cZ2AGRElgEAk4PRWtZAdO26-jeTDggcdcWQEGG050XManvgHFvzLOyrYbmuGRyzg1Lhv156ZG3WtpmhBMmj6xV8YxW&_nc_ohc=y21zzoQdjPgQ7kNvgHRZc7b&_nc_gid=0d6021d8ba5d4c92982d64309a2b70af&edm=ANTKIIoBAAAA&ccb=7-5&oh=00_AYDf8eGKiSg0VQIpMrcggeJWou4c448HXv21C7bdy9EJbg&oe=67B866F3&_nc_sid=d885a2,2127,CImRtkGgNaI,2020,12
Fend off the flu with flu shots - for under $20 at the Costco Pharmacy. No appointment needed. Varies by state and age restrictions apply.,https://scontent-hou1-1.cdninstagram.com/v/t51.2885-15/21689228_1576337955760329_8663938957274251264_n.jpg?stp=dst-jpg_e35_tt6&_nc_ht=scontent-hou1-1.cdninstagram.com&_nc_cat=109&_nc_oc=Q6cZ2AFaDsmq27jeRQkRn5bT_gN31MqyOTIvTLEg32nwdke0cpxjXbLCC2y2C6X8d_tOgWmzNrv_LpySAdHWEEQzTxn6&_nc_ohc=T29fNieAtasQ7kNvgG9i4ue&_nc_gid=51d0a55c01984f9ca71f8abb985bda76&edm=ANTKIIoBAAAA&ccb=7-5&oh=00_AYAnZuVqG6hmyaB2Wflqzx4hl-7XD177vfSuxq0XSTI-Ag&oe=67B872AD&_nc_sid=d885a2,365,BY_j9dFn8PY,2017,9
"Spruce up your salads with this #CostcoFind, now $3 off through 6/13/21. ü•ó  Available in-warehouse: NaturSource Organic Salad Topper",https://scontent-lax3-2.cdninstagram.com/v/t51.2885-15/189845135_963748737732147_4079178785791665959_n.jpg?stp=dst-jpg_e35_tt6&_nc_ht=scontent-lax3-2.cdninstagram.com&_nc_cat=103&_nc_oc=Q6cZ2AEtyQPSy0fyhN019ZrDXHVrzGwU1EsiOGMjiJ3XY-kTMhxYCKJO_3sIFmNGtLWYE-I&_nc_ohc=zRavEz5uCKcQ7kNvgGIuIuI&_nc_gid=bb6522ae734a4cdd8c737b7ee96e2919&edm=ANTKIIoBAAAA&ccb=7-5&oh=00_AYALTFH0H1VxPcpkntCqQF6VpZbEhBprii0V-5bTY1p7Kw&oe=67B85BEA&_nc_sid=d885a2,1936,CQBgZgrMsmL,2021,6
"Mac and cheese. Ribs. Cheesecake. What do all these foods have in common? You can make them in an Instant Pot. Available now for $25 off through Sunday, April 21, 2019.",https://scontent-atl3-2.cdninstagram.com/v/t51.2885-15/55760243_587248375085363_1376107313966009766_n.jpg?stp=dst-jpg_e35_tt6&_nc_ht=scontent-atl3-2.cdninstagram.com&_nc_cat=111&_nc_oc=Q6cZ2AFf7ypwvlsB8MYMdFCIvG_g_toUfUsuS2RDUSSOAtmxCJQU9XzzM2hT5jlext6PuxDZXkUTdz_iGJthv_Njvvp1&_nc_ohc=P4TYb3RM1aIQ7kNvgHZU44a&_nc_gid=499b9e4f125f49e2943acc39007f1799&edm=ANTKIIoBAAAA&ccb=7-5&oh=00_AYB8noF1emB9hMNk1rJnKIyXx6Ic2Y07Aiu0EtIdtm0CzA&oe=67B8401E&_nc_sid=d885a2,1292,BwGBD7yAwyk,2019,4
Give a little love to your empty vase.,https://scontent-lga3-3.cdninstagram.com/v/t51.2885-15/38291803_2158592927545252_9102432792955846656_n.jpg?stp=dst-jpg_e15_tt6&_nc_ht=scontent-lga3-3.cdninstagram.com&_nc_cat=104&_nc_oc=Q6cZ2AGVcb7Sb879w-ZBdguxqmDyQlmEgW-30uyEpW4fA1rspoqfPRCFsABUh_FQfArUE9NotNZnICTi8ag95IbH9fPK&_nc_ohc=QeCtNbbhXWAQ7kNvgE0PB7S&_nc_gid=49fdc82d74404e0db5725667f7aa9301&edm=ANTKIIoBAAAA&ccb=7-5&oh=00_AYALeyaRFwwo4-CAx1qNhjcleUq6ZYZJ5aSTqWEtClFvew&oe=67B867C8&_nc_sid=d885a2,1200,Bmeg2p9nyTD,2018,8
"Savings start here! Costco is closed, but Costco.com is open 24/7. Shop Costco.com for the full list. ‚ù§Ô∏è",https://instagram.ftpa1-2.fna.fbcdn.net/v/t51.29350-15/127087473_211012140461310_5888729741841842241_n.jpg?stp=dst-jpg_e35_tt6&_nc_ht=instagram.ftpa1-2.fna.fbcdn.net&_nc_cat=106&_nc_oc=Q6cZ2AE_7i0z-RzuGCbanUp2z4qcCnevbLFXaIX3DwkXXu_1Rz8x8TPSu57-fKX_B8_T-U0k2uoazvDpItgmEioClpqV&_nc_ohc=VcVE--2qIF0Q7kNvgFz118K&_nc_gid=59eb888c06774aef83134dfbd79d9ab4&edm=ANTKIIoBAAAA&ccb=7-5&oh=00_AYBHoteOWiNzbL_cR4--diNlKnX_xZF5QS9jBivg6e9WFA&oe=67B84795&_nc_sid=d885a2,2082,CIEO7-ZgBoI,2020,11
"What's better than a strawberry? A chocolate-dipped strawberry, of course.",https://scontent-lax3-1.cdninstagram.com/v/t51.2885-15/11232580_953550574690437_336782049_n.jpg?stp=dst-jpg_e15_tt6&_nc_ht=scontent-lax3-1.cdninstagram.com&_nc_cat=109&_nc_oc=Q6cZ2AHspbibQldKyWkQg58eJ_ffisTyv-rIjhWUJW1qpvfc9xOOG_ZAakpxEdgQrjkJ6pKONN04zMRQ6kMYe4a3lzFm&_nc_ohc=Gh2hrL9jEs4Q7kNvgGE5ksG&_nc_gid=cc0f306115634056bd1ec3edd35eafc4&edm=ANTKIIoBAAAA&ccb=7-5&oh=00_AYDt2Wxh6ANlosEwaC7ROFDrjJla9QEh95q3U9_uH4y2GQ&oe=67B83DB4&_nc_sid=d885a2,1141,2bk3pZQrEL,2015,5
"Organize Your Home: Start with one closet, the others will follow.",https://scontent-dfw5-2.cdninstagram.com/v/t51.2885-15/14540384_614042932117950_7066470925733986304_n.jpg?stp=dst-jpg_e15_tt6&_nc_ht=scontent-dfw5-2.cdninstagram.com&_nc_cat=106&_nc_oc=Q6cZ2AEWp5y1iFGTBqJvarczb5LN2bGQXoG1bu4ImeROXRNEClUb_0d9CFKVk91J8zBm-nqFji3DdFMRr-UNpxUR4FjU&_nc_ohc=fhT98zJKZWwQ7kNvgFEE536&_nc_gid=cbf9367cdb2c4388997f10db97f43af1&edm=ANTKIIoBAAAA&ccb=7-5&oh=00_AYCCyt8OrXmr4sT4Qa70FMZfxrfuJwDcZs41HSOPafSIag&oe=67B864F0&_nc_sid=d885a2,674,BPXzPSJhDx2,2017,1
"This outdoor cooking pit has a swing-out cast iron grill, ready for roasting marshmallows, cooking burgers and more. Search Costco.com: Outdoor Cooking Pit",https://instagram.fagc1-2.fna.fbcdn.net/v/t51.2885-15/57488409_835410670157061_4204925484583000208_n.jpg?stp=dst-jpg_e35_tt6&_nc_ht=instagram.fagc1-2.fna.fbcdn.net&_nc_cat=109&_nc_oc=Q6cZ2AEAXMyNvfnm59Vcgv50WRu0PP5gmil7bi9d3Njnuzp-_2gxj-plqR4A_UaZ_M2WIOp7mKUbTx4H4GXfZ2hDTPhz&_nc_ohc=LqU9qs3qlfwQ7kNvgEqnd2q&_nc_gid=1b36aad5f82b49c3b35cbbccb4e7c02c&edm=ANTKIIoBAAAA&ccb=7-5&oh=00_AYCsijfyJoruUi2s1Ppg-mmOmu8W99YGTm_84psNPqHrQg&oe=67B85280&_nc_sid=d885a2,5424,Bw5iI11Dsh2,2019,4
That smell of freshly-baked ü•ê = ü•∞ Save $3.40 through 4/4/21.   Warehouse only: Pillsbury Crescent Rolls; Item 214321,https://scontent-lax3-1.cdninstagram.com/v/t51.29350-15/167213402_132330988783504_8726233688390510907_n.jpg?stp=dst-jpg_e35_tt6&_nc_ht=scontent-lax3-1.cdninstagram.com&_nc_cat=104&_nc_oc=Q6cZ2AGebQJd-t_qJsZ60-ns3hloztOkH_PcolbD7luy0gzyU4FFTxInb0QR3ap66Yebb7-Q40gHG3Gg_Ff0oNfbX01v&_nc_ohc=XVBI4TeQaM4Q7kNvgHP_34_&_nc_gid=8a627e173cc54f8bb27c09c215570310&edm=ANTKIIoBAAAA&ccb=7-5&oh=00_AYDiEM-Fbz2ssXJBhKKbupTR-2NytJi4tCVRAoK8slufiw&oe=67B85FBE&_nc_sid=d885a2,1540,CNECVPmrlM2,2021,3
"Creamy chocolate fudge + Protein = Yum! This #CostcoFind ‚Äì now $6 off through Sunday, July 28, 2019 ‚Äì is gluten-free, non-GMO and has 20 grams of protein per serving.",https://scontent-atl3-1.cdninstagram.com/v/t51.2885-15/65907400_391126491752964_4058386985258180064_n.jpg?stp=dst-jpg_e35_tt6&_nc_ht=scontent-atl3-1.cdninstagram.com&_nc_cat=100&_nc_oc=Q6cZ2AGn7cGVceufTc54M0R85uen_G9J50G9lTvKwd41mGstipgVHi0Mb-ipMhE2fvPoPhc&_nc_ohc=-L5Ep7_HZUUQ7kNvgFleKwY&_nc_gid=a330be36d74542de9b5c1435486e7278&edm=ANTKIIoBAAAA&ccb=7-5&oh=00_AYBUqlYIx80GUBqSQHU1z8ehgC8yQ6gvEo7iiG8ix2n6Qw&oe=67B84441&_nc_sid=d885a2,1175,BzwObqEgfPf,2019,7
Lightly salted. Super crunchy. üíö Save $2.90 through 7/25/21.  Available in-warehouse and online: Organic Harvest Snaps Green Pea Snack Crisps,https://scontent-mia3-1.cdninstagram.com/v/t51.29350-15/213221299_2087050901434272_713457813745715817_n.jpg?stp=dst-jpg_e35_tt6&_nc_ht=scontent-mia3-1.cdninstagram.com&_nc_cat=100&_nc_oc=Q6cZ2AHzE1nJPJYQrQJUjCaQqjRLRVegyTLapCeRKjuOJQ_ClwpahtanLZYlvSnYBDJzx20&_nc_ohc=Rhxocb3Edf8Q7kNvgGNA4Rh&_nc_gid=357354ee0ec64212b8ebafb52f25f01d&edm=ANTKIIoBAAAA&ccb=7-5&oh=00_AYBCwCrr0SJn6tG-god5QtKwD0hOBCIM7zFZ4QGOP3EHfg&oe=67B865E2&_nc_sid=d885a2,1450,CRHsHKHhi5d,2021,7
Start your day with a much-needed energy boost. ‚òÄÔ∏è Save $4 through 8/29/21.  Available in warehouses and at Costco.com: Nabisco belVita Cinnamon Brown Sugar Biscuits,https://scontent-ord5-2.cdninstagram.com/v/t51.29350-15/236370574_605287157543378_722603985640385830_n.jpg?stp=dst-jpg_e35_tt6&_nc_ht=scontent-ord5-2.cdninstagram.com&_nc_cat=102&_nc_oc=Q6cZ2AHCuNAPrTGFm7oJ4BPENVBMiwLiSqhQyPwn9vmJCifkx2kSQSADEfw3VKXYZ88JdfMSIwwYwEI9VuL4i_FnK8BN&_nc_ohc=W75XtB3PI14Q7kNvgF0kNS5&_nc_gid=93153fdf9a634aaab72e92957f2b1ef7&edm=ANTKIIoBAAAA&ccb=7-5&oh=00_AYAfL2B5-L38NTOV1XHgXb2-luN6X2VqHzRWHdu81_8QtA&oe=67B85F86&_nc_sid=d885a2,1218,CSaW2KmpbJM,2021,8
What is your favorite Costco Service Deli item? These delicious entrees are just a handful of the freshly-made home meals available.,https://scontent-lga3-1.cdninstagram.com/v/t51.29350-15/123338639_689826084988466_5389068056867686481_n.jpg?stp=dst-jpg_e35_tt6&_nc_ht=scontent-lga3-1.cdninstagram.com&_nc_cat=102&_nc_oc=Q6cZ2AFQSxYECW_lbhlRCIcKCd-k94KItQfLmWfhMosfLbXG8IVCrOMYCM8enWfn1i6z3_uF5jp_ZVFL8SsJQajw8_ye&_nc_ohc=FzykdY_gNdsQ7kNvgGsNb9a&_nc_gid=a892d796cec84d72bdc6859e137f6297&edm=ANTKIIoBAAAA&ccb=7-5&oh=00_AYBfBpHhGI84-e2oV8K8iHIM9LjHc9tsyXYYTkv5oLGegw&oe=67B8430D&_nc_sid=d885a2,1975,CHGr-QbAd4G,2020,11
We all have that family member who loves to add to the cart when you‚Äôre not looking!,https://scontent-atl3-3.cdninstagram.com/v/t51.2885-15/28152036_410739266016705_230692430159020032_n.jpg?stp=dst-jpg_e35_tt6&_nc_ht=scontent-atl3-3.cdninstagram.com&_nc_cat=109&_nc_oc=Q6cZ2AGr4vX0kpHQCgUxJ6niVd4XONqFz2-j-Vshl6t4lDAgnUDEx1g_tiXEa3lE9qzlUsU&_nc_ohc=Et9winXd5EEQ7kNvgEwOtyT&_nc_gid=f7aa48beede64ac8ae028ac8b9e37cf2&edm=ANTKIIoBAAAA&ccb=7-5&oh=00_AYBWSSKkM4SdquzO-4yQLMx5f7PB0V65T2FUfZuYbyFMwQ&oe=67B84362&_nc_sid=d885a2,2245,Bf1JhbNnzfU,2018,3
Home away from home. Who can relate? Like when you see it.,https://scontent-iad3-1.cdninstagram.com/v/t51.2885-15/18812351_1969221496649035_7606077847865655296_n.jpg?stp=dst-jpg_e35_tt6&_nc_ht=scontent-iad3-1.cdninstagram.com&_nc_cat=107&_nc_oc=Q6cZ2AFU9GOjh-UcswheTWKtEncARyrdbnpZ44J2D2A7f__evkgzMNJ6x5tncsTLaWhUibk-Nljm6ZsvXnbZCfH7_r2n&_nc_ohc=EkiiFvgNvloQ7kNvgGG3aab&_nc_gid=dae70f09393e402ba39b5ee296240887&edm=ANTKIIoBAAAA&ccb=7-5&oh=00_AYBu4P4KEBgCVmx1JIjgvqX-zCB2-JdTgAq_lCx-OnLV5A&oe=67B87488&_nc_sid=d885a2,1704,BU0AdbfAUJk,2017,6
"Kick back, relax and stay awhile. Tag ‚Ä™#Costco‚Ä¨ on Instagram for a chance to be featured in an upcoming Costco member spotlight.",https://scontent-mia3-2.cdninstagram.com/v/t51.2885-15/11327837_968654603169391_884168964_n.jpg?stp=dst-jpg_e15_tt6&_nc_ht=scontent-mia3-2.cdninstagram.com&_nc_cat=107&_nc_oc=Q6cZ2AFs99bV-X57UEQrPt5DUJGbgax4xhLNMG6LK1UGFS7E6NXOSxC_dqVgvum7fGvAExDDvI3Xm_vkh4Qzjq-ejNJk&_nc_ohc=xz_k-YftThMQ7kNvgFtl22I&_nc_gid=aa5bc2b14a844f13aaee864570758288&edm=ANTKIIoBAAAA&ccb=7-5&oh=00_AYCPF1LEeQxR_8ym1ladbSfVTvdqMhFVuFk9Bv6YavFEWg&oe=67B84FF4&_nc_sid=d885a2,396,39vytGQrPj,2015,6
"Snack on these new #CostcoFinds! Each pack has dried cranberries, crunchy nuts, and tasty cheese, with 8 grams of protein and only 180 calories per serving. Available in the refrigerated section.",https://scontent-atl3-1.cdninstagram.com/v/t51.2885-15/97119214_317169439266318_8929768806216589753_n.jpg?stp=dst-jpg_e35_tt6&_nc_ht=scontent-atl3-1.cdninstagram.com&_nc_cat=106&_nc_oc=Q6cZ2AHC-dtBGc2IBgpzy2ktPaMV__zOmjOKbph0CdG3nqZJ2-gubjNVyQCdgGw3SrnUBJ1nDk0Zo7kYX50L9Qo6P-0M&_nc_ohc=0bbSbZfwh8sQ7kNvgEkh3MW&_nc_gid=51b9fccd670c4748845531aa7a634dfb&edm=ANTKIIoBAAAA&ccb=7-5&oh=00_AYAQXqG-YDKB_FwAkfC6vvuHwnzRGuGGOfmSOhk1lTRPHw&oe=67B83E7C&_nc_sid=d885a2,2615,CAQ83_2AuwO,2020,5
Show us your cheesy grin and tag #Costco to have a chance to be featured on Instagram.,https://scontent-ord5-2.cdninstagram.com/v/t51.2885-15/16464589_1813000735631508_3236729045513142272_n.jpg?stp=dst-jpg_e15_tt6&_nc_ht=scontent-ord5-2.cdninstagram.com&_nc_cat=100&_nc_oc=Q6cZ2AG8SJNd8vGDJW2kcMO4zdUS2rp71lUvQymKW8CSNYxPx2h2zNv8OXfs6ywGLI-K--rebA9LkQYK_wb_807Y6gj1&_nc_ohc=GuddG3htzhoQ7kNvgHOmyd_&_nc_gid=640223621698468e933d9735b6e973a7&edm=ANTKIIoBAAAA&ccb=7-5&oh=00_AYC_qSEjaqh6hSal26Wj3pZpr1cb_kVCSXXWVaXEQnYLQA&oe=67B840D0&_nc_sid=d885a2,1142,BP6VzafB0OR,2017,1
"Help soothe sensitive skin, all day long. üß¥ Save $5 through 7/25/21.  Available in warehouses and at Costco.com: Cetaphil Moisturizing Cream",https://scontent-hou1-1.cdninstagram.com/v/t51.29350-15/220267167_183453620483829_3525335987235339173_n.jpg?stp=dst-jpg_e35_tt6&_nc_ht=scontent-hou1-1.cdninstagram.com&_nc_cat=109&_nc_oc=Q6cZ2AG35G9QruL4FQT16xzLIixTnkga9BlxuVcg0eihCxY5pUbo2LKZVSoyAU24ktMEcOtxFQu1W5hPvY5rPoTJMP7l&_nc_ohc=aAN1wb886tAQ7kNvgFBSG1a&_nc_gid=a6ad9e70c8fe4baab55081734206f46a&edm=ANTKIIoBAAAA&ccb=7-5&oh=00_AYB38YXvpy7bv2W9sFbyFcF1plNW5ZIWWoMqhYofZmfxRw&oe=67B84321&_nc_sid=d885a2,1592,CRmOy24hBcS,2021,7
Give the gift of samples and savings. ‚ù§Ô∏è,https://scontent-iad3-1.cdninstagram.com/v/t51.2885-15/42845764_312957925971104_3579730797851987937_n.jpg?stp=dst-jpg_e35_tt6&_nc_ht=scontent-iad3-1.cdninstagram.com&_nc_cat=108&_nc_oc=Q6cZ2AGb4ovAK0Y79o9amxrsof6heEOq2JmkkM_h3GAYLG0TjDrpbTJXu5zNq0plY8v_2iU&_nc_ohc=8VuLF2JTCLwQ7kNvgEbRtqe&_nc_gid=a0eac345267142b79337bc449b0b26e8&edm=ANTKIIoBAAAA&ccb=7-5&oh=00_AYDoKAlz6VCPporDnHsIu3C2ShGW39HdL6kWNIQTby40tw&oe=67B868F6&_nc_sid=d885a2,1201,Bpp-SpFA9eV,2018,11
"Try the new Kirkland Signature‚Ñ¢ Vodka + Soda, made with real fruit juice, no added sugar and only 100 calories! Flavors include: peach, watermelon and pineapple. üçëüçâüçç  Available in select locations. Please drink responsibly. Must be 21+ to comment, share or like.  Item 1815455",https://scontent-dfw5-1.cdninstagram.com/v/t51.2885-15/475831158_1053908766543203_2571970044671644259_n.jpg?stp=dst-jpg_e15_tt6&_nc_ht=scontent-dfw5-1.cdninstagram.com&_nc_cat=111&_nc_oc=Q6cZ2AFkgUoMCsPOfeKZeTa9YVIfPGm2NaIO9OQKyKpKOJpK1GiEQ5USMN9_tF1HrhvIMCMjYiPJovOBsJE1YDiTgzAt&_nc_ohc=prPalmGWmlkQ7kNvgED389z&_nc_gid=74c42ef918144200a5ecda9d9b747d94&edm=ANTKIIoBAAAA&ccb=7-5&oh=00_AYB53UZJM3CP5LcLSQYLg2-flJvszA8H7j6Rjeodu0kbvA&oe=67B86628&_nc_sid=d885a2,6857,DFdTj6jvZKz,2025,1
üö® New cash back category on the Costco Anywhere Visa¬Æ Card by Citi!,https://instagram.ftpa1-2.fna.fbcdn.net/v/t51.2885-15/479183350_18488113057028268_7121405328961719866_n.jpg?stp=dst-jpg_e15_tt6&_nc_ht=instagram.ftpa1-2.fna.fbcdn.net&_nc_cat=100&_nc_oc=Q6cZ2AFVtzja6dk73BZ9jZYMTEvz9oFZPIw6ycaM-6cYyTeEKZ-mD8GN4EnrkftLdRuhhRSj7CitAs7_ieKHvoQjKdPV&_nc_ohc=OsnubaWK_bMQ7kNvgEO8QyC&_nc_gid=4125c193bfd242cfbc86c8aa5d3f1f98&edm=ANTKIIoBAAAA&ccb=7-5&oh=00_AYCYuSGGDhCMWs-Xj7S9EjegWPdeNJC9o5Q3RiMh-yeBlQ&oe=67B86BD3&_nc_sid=d885a2,1265,DFvUvPcP_B1,2025,2
Orange Creamsicle Protein Shake: ‚Ä¢ 1 Premier Protein 11 oz. Vanilla Shake ($5 OFF through Jan. 25!) ‚Ä¢ 2 dollops Kirkland Signature‚Ñ¢ Frozen Concentrate Orange Juice ‚Ä¢ 4 to 6 ice cubes  Blend for deliciousness.,https://scontent-mia3-3.cdninstagram.com/v/t51.2885-15/10903177_558773007592485_921734426_n.jpg?stp=dst-jpg_e15_tt6&_nc_ht=scontent-mia3-3.cdninstagram.com&_nc_cat=109&_nc_oc=Q6cZ2AEwYARxgH_qN6PLtDPYhIUE0OWytKqQkfGkf2KTM7TPkfFZxhr7clgeMcFDwzd1eLqxNiH6SPJG4z1OysIZT5sQ&_nc_ohc=uVU5wslM_k4Q7kNvgHmFVZw&_nc_gid=76b5537f251b4f89ac9a60dbc4f64a6d&edm=ANTKIIoBAAAA&ccb=7-5&oh=00_AYBun9rpqc8SuOhui7rz_RFHMde0nr02YC3qkQvU5bouyw&oe=67B84798&_nc_sid=d885a2,479,x5Pq5qwrDp,2015,1
Our personal favorite. #GranolaBarDay ,https://scontent-iad3-2.cdninstagram.com/v/t51.2885-15/12568182_440059842871545_238276835_n.jpg?stp=dst-jpg_e35_tt6&_nc_ht=scontent-iad3-2.cdninstagram.com&_nc_cat=109&_nc_oc=Q6cZ2AHJtC6F5xBuftd4w_4XO2wsu4zIUAvBFlZyLXj6t4wm1seyydGvlCrkOBFwvIkXh4Q&_nc_ohc=M6HawlRDEFgQ7kNvgGdthxW&_nc_gid=7c25eac870d94b93af257f7b15049f5a&edm=ANTKIIoBAAAA&ccb=7-5&oh=00_AYDEp9YbJ3rCqP7Qx0ZzVo0WplmkgUqtg35SLTPQQ3As1A&oe=67B847E3&_nc_sid=d885a2,924,BA0pTVAQrAC,2016,1
Friendly reminder: We'll be closed on the Fourth of July.,https://instagram.fhio2-2.fna.fbcdn.net/v/t51.2885-15/13561916_1754962194774388_1583340124_n.jpg?stp=dst-jpg_e35_tt6&_nc_ht=instagram.fhio2-2.fna.fbcdn.net&_nc_cat=104&_nc_oc=Q6cZ2AF75iVBVvxsm-moj1RblUaIs3S4Q0v0jp46M8UMB9iASWuR2ASe5FVZuXQtg870gU8&_nc_ohc=RMzViIKn7z8Q7kNvgF9W2Ry&_nc_gid=f58f174af6524f4fad2ffa3c676d3eb4&edm=ANTKIIoBAAAA&ccb=7-5&oh=00_AYBq1tLDmQFIJZl6rSyyABlI85ThJ_7p00EknDY-C1mShA&oe=67B84499&_nc_sid=d885a2,724,BHS3yKphIde,2016,6
"Walk in, show your card and find the hidden treasures. #Costco",https://scontent-ord5-2.cdninstagram.com/v/t51.2885-15/27877701_321620554910732_5547637440371490816_n.jpg?stp=dst-jpg_e35_tt6&_nc_ht=scontent-ord5-2.cdninstagram.com&_nc_cat=108&_nc_oc=Q6cZ2AFylyDtwFnvLOCKdizXlPAMwTlCJTXbz9jYXYtblZ07KkSnTkcRxwHkLdGqQr3Ju8wNlVEhEBJnsFHbMfD60IX1&_nc_ohc=-mZqd6Y71UcQ7kNvgHi-XEJ&_nc_gid=a763d7051e74447786d43e4d482278c1&edm=ANTKIIoBAAAA&ccb=7-5&oh=00_AYAdjS-sJXE2WtvzJPRXxnNTlazGPH34-LcS-OsXk8Vgfw&oe=67B83EA6&_nc_sid=d885a2,2033,Be4Eb1WH2ht,2018,2
"Get your glow going from the 11 different superfoods in one collagen peptides powder. üåü  Available in warehouses and at Costco.com: Orgain Collagen + Superfoods Unflavored, 1.6 lbs",https://scontent-lax3-2.cdninstagram.com/v/t51.29350-15/269737717_342902093937719_6098961845405107470_n.jpg?stp=dst-jpg_e35_tt6&_nc_ht=scontent-lax3-2.cdninstagram.com&_nc_cat=111&_nc_oc=Q6cZ2AEuuxZdBKDP8weYVC_jwZL-Hmu5DKMApRCZ1PLmwZyzPuZv4vK2mEFVZgeybP8sr7QYm93ldXnyGSIIQ8LjFo63&_nc_ohc=HOo-EQ6b3R8Q7kNvgFfrLAE&_nc_gid=5128517f1f414a29a2c1fd77db157340&edm=ANTKIIoBAAAA&ccb=7-5&oh=00_AYCUpC49r4G25xkBhKRwjN2R9pW4C-e0U2z-Qeo4LekQ3A&oe=67B856AE&_nc_sid=d885a2,1344,CX1MVDAF31Y,2021,12
"#FirstDayofSummer‚Ä¨, Costco-style.",https://instagram.fsac1-2.fna.fbcdn.net/v/t51.2885-15/13402618_630545497116742_1757088964_n.jpg?stp=dst-jpg_e35_tt6&_nc_ht=instagram.fsac1-2.fna.fbcdn.net&_nc_cat=110&_nc_oc=Q6cZ2AFQxWFMSL1OtaTH0gmp5QuUzEzQdcFeW0nV1Q5ak-sAQ1pQrVgtsbmFzS6VHVNjxf6yxWL7GDEZfynu6D23n41p&_nc_ohc=WjsbA7Uy7EMQ7kNvgHLDDlG&_nc_gid=e64f94511a8f4e3ba878d84b2e02289c&edm=ANTKIIoBAAAA&ccb=7-5&oh=00_AYDh7IypYbbtYNiIS6bFX6iibGusPqE6ly3PsHQ59H7Y5g&oe=67B84480&_nc_sid=d885a2,1238,BG4Wh2ZQrBx,2016,6
Time to whip out the safety goggles and start on a new home project! ü™ö  Available in warehouses only: Metabo HPT 12‚Äù Dual Bevel Compound Miter Saw,https://scontent-iad3-1.cdninstagram.com/v/t51.29350-15/274951092_5545405898806808_6658443100863628843_n.jpg?stp=dst-jpg_e35_tt6&_nc_ht=scontent-iad3-1.cdninstagram.com&_nc_cat=108&_nc_oc=Q6cZ2AFJTsy7aMCNXa6hHfiBpKGmfTETdMMVb5SsjP-3AepMGmwJZm-Ts4EcJcjuF3UZn8Y&_nc_ohc=z0y19s6vP1kQ7kNvgFzzMdA&_nc_gid=43b2569315e040b2bd0205abc07eb229&edm=ANTKIIoBAAAA&ccb=7-5&oh=00_AYCcOkBCn6NjZjchU3pjy_3dv7NPWqk6yVsB5KlhgNHS1A&oe=67B86B22&_nc_sid=d885a2,729,Cam__yGL1fj,2022,3
Add these #CostcoFinds to your work-from-home space. üè† Search Costco.com: Living D√©cor Succulents In Pastels Concrete 3-pack,https://instagram.ffcm1-2.fna.fbcdn.net/v/t51.2885-15/97091932_116549346471976_4516857001491003806_n.jpg?stp=dst-jpg_e35_tt6&_nc_ht=instagram.ffcm1-2.fna.fbcdn.net&_nc_cat=104&_nc_oc=Q6cZ2AG7XEkhSLVw5oqIog1_UJ5RgFnRYbSKV_8lV36LBQvF0sr9WGMwDupEx5cpPL7khJE&_nc_ohc=Px9aQyyv-BwQ7kNvgFpOrxE&_nc_gid=27291c170236480ba1b8b6d83b3ab450&edm=ANTKIIoBAAAA&ccb=7-5&oh=00_AYBekkZG0cEoeOWEop21-OyE_iPO1bngwweLHKPQR5jjxw&oe=67B86F74&_nc_sid=d885a2,6115,CAGvLTPgJ-R,2020,5
Bring out the breakfast potatoes! ü•î  Save $2 through 10/24/21.  Available in warehouses: Idaho Spuds Hashbrown Potatoes,https://scontent-dfw5-1.cdninstagram.com/v/t51.29350-15/244967885_219219106863303_540315296474907084_n.jpg?stp=dst-jpg_e35_tt6&_nc_ht=scontent-dfw5-1.cdninstagram.com&_nc_cat=103&_nc_oc=Q6cZ2AFCT8zrrWcfT4AbbNNqRCv2iSlbal3tuqcLyWSgUqUvToBTeBi9cmSgPrW8H4QBlt_loujdYYY9sdsDwzJg6VqA&_nc_ohc=yVT33IrZbiUQ7kNvgHbH5sd&_nc_gid=10706889f8e34a0bb2662878c6b1840b&edm=ANTKIIoBAAAA&ccb=7-5&oh=00_AYCDklKXK9JRSnlUo0weQvYwjO3E12SzLe3ewmwvBDoJwA&oe=67B83FC4&_nc_sid=d885a2,1997,CUvmdIHPv5y,2021,10
Raise your hand if your fridge looks like this after a Costco run. üôã  üì∑: @frontline_lifestyle_hq,https://scontent-hou1-1.cdninstagram.com/v/t51.29350-15/277790859_1075833056300795_4327235877265628845_n.jpg?stp=dst-jpg_e35_p1080x1080_tt6&_nc_ht=scontent-hou1-1.cdninstagram.com&_nc_cat=111&_nc_oc=Q6cZ2AEstZil32SnKDc51_LwQFof_ENW5f6m6g49Jo3zYYtmQYOVgiCubvWkWqblWYsm3gliEuYd9Jz8O4bn-vt77caP&_nc_ohc=o27iL5DotmMQ7kNvgECY2FP&_nc_gid=ec6e5123194043f6a4410181005eee9e&edm=ANTKIIoBAAAA&ccb=7-5&oh=00_AYAktqyBsIsmJgvLmOYFro8ovA6Vg_JYuwI-gY88E4TomA&oe=67B87513&_nc_sid=d885a2,8978,Cb5ccBHrMHE,2022,4
Treat yourself with this cordless mirror.,https://instagram.ffcm1-1.fna.fbcdn.net/v/t51.2885-15/83827726_1254876944702943_4428350277864271634_n.jpg?stp=dst-jpg_e35_tt6&_nc_ht=instagram.ffcm1-1.fna.fbcdn.net&_nc_cat=103&_nc_oc=Q6cZ2AFm68jshkNKfgMWj7vd_05vZYpsgwSl1WBRmgIW8ROWj_mMsoHb_rbBg_iTslzDg-ykTDcupMQnF4NTCEUhG8mG&_nc_ohc=DrWFLgaNaEgQ7kNvgHo1up3&_nc_gid=900c4710679b4bc9a429c6ebe39c16aa&edm=ANTKIIoBAAAA&ccb=7-5&oh=00_AYCV6cJdYbH0uTgskTtubD-yMWJqney9uOBoJDDoaPjrcA&oe=67B84BFB&_nc_sid=d885a2,2900,B7pDfdZAZXi,2020,1
"Tough question: almond poppy seed, blueberry or double chocolate?",https://scontent-dfw5-1.cdninstagram.com/v/t51.2885-15/39326296_516993475389447_980449353304899584_n.jpg?stp=dst-jpg_e15_tt6&_nc_ht=scontent-dfw5-1.cdninstagram.com&_nc_cat=103&_nc_oc=Q6cZ2AGLtrFbCm5skZxpGknkM7fc5-yUCFDrFz60o08VcwIJJSZGUqCTcoICFn8-UJk9itB9XogTfueVvzsqXuJDsSEz&_nc_ohc=0IFehaRMGDUQ7kNvgGNCV8Q&_nc_gid=efa186da9c5b483a97d49ffe831ff13d&edm=ANTKIIoBAAAA&ccb=7-5&oh=00_AYDoVDHzvXCftgMd_D3lIlGEQaL4JkzlZdEIh1AGouRp4w&oe=67B844CF&_nc_sid=d885a2,1359,Bm1x75CnqPQ,2018,8
Count the days until Christmas! üéÑ Please drink responsibly.   Available at select warehouses: Brewer‚Äôs Advent Calendar,https://scontent-lga3-2.cdninstagram.com/v/t51.29350-15/246948168_1268353310277415_2558854711644199081_n.jpg?stp=dst-jpg_e35_tt6&_nc_ht=scontent-lga3-2.cdninstagram.com&_nc_cat=107&_nc_oc=Q6cZ2AGBNUIli4Xqu7KXb6UG9W6yrCSQEexaDGCqW9LGk7YXSOTeFdjeTLdPSvFQddsur2XQQNbAq8FMpcsl_fxapO9N&_nc_ohc=lBN5Em5WJwEQ7kNvgFEXnSh&_nc_gid=3e98814e464d45cf88d9f21e4a552aa1&edm=ANTKIIoBAAAA&ccb=7-5&oh=00_AYAlRc1b5xAFrpQYA66KMtDmF_FpgFOjtDPep2Pnq3vzOg&oe=67B86961&_nc_sid=d885a2,2852,CVTbyGHBiEO,2021,10
"White sandy beaches are calling your name at Conrad Bora Bora Nui. Relax along the waterfront with this vacation package. When you stay four nights or more, save on the hotel rate, and receive nightly dinner and a EUR 100 resort credit. See details on our Facebook page, Facebook.com/Costco.",https://scontent-iad3-2.cdninstagram.com/v/t51.2885-15/40483943_1103440319834363_7917846986917420074_n.jpg?stp=dst-jpg_e35_tt6&_nc_ht=scontent-iad3-2.cdninstagram.com&_nc_cat=111&_nc_oc=Q6cZ2AHKd4snKAtGv-P6BhubBaggYmTF6tdgm2w1VtnG2PSI0_Maf0_3dkZ2R0bxV5TgSVg&_nc_ohc=pwJ9BaHIirkQ7kNvgGrbXqq&_nc_gid=61e264d1fd6b4015baea245e8916ea06&edm=ANTKIIoBAAAA&ccb=7-5&oh=00_AYCJWHT8n_dO5NqO_D8flwv7ggLcG_3CL4m6rO5ww4KQbA&oe=67B845F5&_nc_sid=d885a2,2914,BnuZKs-ncBV,2018,9
Serve up a slice for Halloween. Our tip? Call the food court ahead of time to place your order.,https://scontent-hou1-1.cdninstagram.com/v/t51.2885-15/43201381_126314031684441_8414682539579011234_n.jpg?stp=dst-jpg_e15_tt6&_nc_ht=scontent-hou1-1.cdninstagram.com&_nc_cat=109&_nc_oc=Q6cZ2AFpQbU4ollkpXa2ZWhIaLN3Eete3nYXRq-mDHfwPJ2x3Llcl6x3MnAXpo38dUDkt-cYwLFB1VpylWYNifXlP8Mv&_nc_ohc=BgyrlpHDawIQ7kNvgHgU_H5&_nc_gid=be4e060061174a1580476030e39fbe78&edm=ANTKIIoBAAAA&ccb=7-5&oh=00_AYDkZXvKXaN9DF2JUwnEQoJbcPL3LYDvrjAW_3cUDocmZA&oe=67B84B48&_nc_sid=d885a2,1284,Bpk-GNkAvu2,2018,10
The perfect gift. üéÅ Save $20 off the T3 Singlepass Ceramic 1‚Äù Straightening and Styling Iron through 12/24/20.,https://scontent-ord5-2.cdninstagram.com/v/t51.29350-15/130800360_400306244756313_8671359316847506468_n.jpg?stp=dst-jpg_e35_tt6&_nc_ht=scontent-ord5-2.cdninstagram.com&_nc_cat=109&_nc_oc=Q6cZ2AHcBTf-9TDCmdzXa5tZM7D4PjP9pdM8p3x4kCqjHK_ng6CKoNBHtAUH6j4BCkoJr6u2ggsjTtWHNzQmAiPEg8MT&_nc_ohc=nbWl9FtVmfgQ7kNvgGeNtt-&_nc_gid=6c0fbbda4d4840fe8baf5717cc17cda7&edm=ANTKIIoBAAAA&ccb=7-5&oh=00_AYDhlQIs3yTHENKTgI_1p8Z5bavctOoStzQRCX72v3vabg&oe=67B86E1F&_nc_sid=d885a2,2066,CI1uM9jAvcI,2020,12
"Grab the üç∑ and crackers! The Kirkland Signature‚Ñ¢ Cheese Flight is back with new flavors: Manchego, Dijon Herb Hand-Rubbed Fontina and more. Look for the yellow packaging in the deli.  Please drink responsibly.",https://scontent-lga3-3.cdninstagram.com/v/t51.2885-15/67184592_846087765763870_710709652652659392_n.jpg?stp=dst-jpg_e35_tt6&_nc_ht=scontent-lga3-3.cdninstagram.com&_nc_cat=110&_nc_oc=Q6cZ2AEzNGOJWWFOdM3P3C9s_T53eTj0v1SxSmRDBHrDAd80cLAFq8TAbNFZ74QaaduXsh0&_nc_ohc=xGFJ8Y7S89wQ7kNvgEKGh-T&_nc_gid=7373debad5c4422ab89881aab9170ed6&edm=ANTKIIoBAAAA&ccb=7-5&oh=00_AYAIWzjoz7xQwz9MqkPPakli9Ii7ZjSGXg8-wKwfEfIxTQ&oe=67B853F0&_nc_sid=d885a2,10252,B0Ro3a1gvUO,2019,7
Snack time starts at the car. #Costco,https://scontent-atl3-2.cdninstagram.com/v/t51.2885-15/28432780_1673583492699155_6650974084416929792_n.jpg?stp=dst-jpg_e35_tt6&_nc_ht=scontent-atl3-2.cdninstagram.com&_nc_cat=111&_nc_oc=Q6cZ2AGq37CY1_76Wqbv1sJjBCIQnPAMj7IGMrDna_5KTZiww47Fg-arnZ46ubK2SU5hHUU&_nc_ohc=oMssU6QexfYQ7kNvgEVbkw8&_nc_gid=d40227708184457387792f131067f165&edm=ANTKIIoBAAAA&ccb=7-5&oh=00_AYBabe1AtzT8VZeosIoXUBH5ZqZtmn9pbznavPEzVBbtAQ&oe=67B85B4C&_nc_sid=d885a2,2384,BgPYjESn2FW,2018,3
White or red? Share your pick on #NationalDrinkWineDay,https://scontent-sjc3-1.cdninstagram.com/v/t51.2885-15/10963929_930055853680114_561106517_n.jpg?stp=dst-jpg_e15_tt6&_nc_ht=scontent-sjc3-1.cdninstagram.com&_nc_cat=110&_nc_oc=Q6cZ2AGvGTjTia41WcFLGORIoaSokhF3F7uAG6gw4jip0T6gTLwCRllC6rcw1_VA261HgkI&_nc_ohc=WFAPGQ7bBxgQ7kNvgGt1pU-&_nc_gid=b1f57713c08c4f5990d865a0d4a897c9&edm=ANTKIIoBAAAA&ccb=7-5&oh=00_AYBTqiP2s_RIB0yJt-VVcYoyHwyg6O-_gyn8pUhS0k6sFQ&oe=67B85B5D&_nc_sid=d885a2,427,zQZiFoQrMT,2015,2
A tumbler with a built-in bottle opener? Genius! üëèüèº Save $4 through 8/29/21.  Available in warehouses and at Costco.com: Coleman Tumbler,https://scontent-atl3-1.cdninstagram.com/v/t51.29350-15/240867550_951734982042132_6638994203182623280_n.jpg?stp=dst-jpg_e35_tt6&_nc_ht=scontent-atl3-1.cdninstagram.com&_nc_cat=100&_nc_oc=Q6cZ2AEY4E_R_YITxd_UFSym_9yi_rT4J18PCilSPCledZsqsC-yWEp_cVZXwdzjDPjNE1ZJbgihEdcvG7-gqNBzHDFj&_nc_ohc=giLawIvDWhkQ7kNvgFwkBbY&_nc_gid=a9331af9a8874d72bd2d2f41e6fe153e&edm=ANTKIIoBAAAA&ccb=7-5&oh=00_AYBrBzk4PBpLzXEHJXZxG2Gz4qBFFQ0hC0JTq1a3UiwS0A&oe=67B848D5&_nc_sid=d885a2,2627,CTKtYfJJGgc,2021,8
"Connect, crank and build again.",https://scontent-det1-1.cdninstagram.com/v/t51.2885-15/40907438_718070605193116_6516523618401775498_n.jpg?stp=dst-jpg_e15_tt6&_nc_ht=scontent-det1-1.cdninstagram.com&_nc_cat=104&_nc_oc=Q6cZ2AF3Dmz57cKxBOJtq-5U6PvlsWNEiK5ldB-DdKSh4dRLbuGlksZmaOiRwVnBa9EG4SAXJYRTEogHNG0HpFfUOE23&_nc_ohc=ttAB10evzucQ7kNvgHlJTAn&_nc_gid=bdd38e16057543858be5b4fe01dafe80&edm=ANTKIIoBAAAA&ccb=7-5&oh=00_AYBznlQZH4gDcG3mFq_dCSBSn8U0VSGoJswuLemnapSchg&oe=67B86A2D&_nc_sid=d885a2,816,BoAJWE0HyIn,2018,9
One destroyed slipper can't mean a stocking full of coal. #CostcoGifts,https://scontent-lax3-1.cdninstagram.com/v/t51.2885-15/10865111_1596542583901718_1577902302_n.jpg?stp=dst-jpg_e15_tt6&_nc_ht=scontent-lax3-1.cdninstagram.com&_nc_cat=102&_nc_oc=Q6cZ2AFmhKriJFxk9j_lUC_eweOte8lgPqfu4JO-lkkQHbKd6ck6Pgd9thLjKtPwv1EAGqn7X6y5pMIBg1xuM08KEoc6&_nc_ohc=nja7HXu-lAIQ7kNvgE6ZwFH&_nc_gid=729d451fcddc43f99c3e7fe63677f0e7&edm=ANTKIIoBAAAA&ccb=7-5&oh=00_AYBT2yRyHqYUyvGYqqRtC3PxeWZ3qp8g9rCw2nHi6ktK0Q&oe=67B87237&_nc_sid=d885a2,282,w7f6JiwrEB,2014,12
The force is strong with this month's #CostcoConnection‚Ä¨ cover story.‚Ä™ #StarWars‚Ä¨,https://scontent-atl3-1.cdninstagram.com/v/t51.2885-15/12081212_776916595752751_1775437008_n.jpg?stp=dst-jpg_e35_tt6&_nc_ht=scontent-atl3-1.cdninstagram.com&_nc_cat=107&_nc_oc=Q6cZ2AHm0zZgxKYx1i0FDSDRF5FaW5rDiJykm7qwURuHgn2eaMP7QAsvuuCs2Y2PxG8M_1OosWQwh-JeZboEUW5lKWnW&_nc_ohc=DeSaVLOWdKsQ7kNvgHgLb7a&_nc_gid=2a5fd6532b3940eea65ad88a1b93a88a&edm=ANTKIIoBAAAA&ccb=7-5&oh=00_AYAZULJcvfnFPAW7zseS-ZKghH7TPm4VrqNzC2jcrT4ubA&oe=67B86CFE&_nc_sid=d885a2,463,8T7xU-wrGm,2015,10
No by-products. No corn syrup. No fillers. No price change. Ever. #CostcoQuality #HotDogDay,https://scontent-dfw5-1.cdninstagram.com/v/t51.2885-15/10554031_767404493280359_465328667_n.jpg?stp=dst-jpg_e15_tt6&_nc_ht=scontent-dfw5-1.cdninstagram.com&_nc_cat=111&_nc_oc=Q6cZ2AFc16IQIoskgIriXjHemPFQhrx0hzKOAKCWex9-Gf6TOI7ypyW1XyptCZCPY-f92aQ&_nc_ohc=TPJvkR7E7ogQ7kNvgE541Ct&_nc_gid=e6bb8dd86e8847d78df6ad2ede414f6e&edm=ANTKIIoBAAAA&ccb=7-5&oh=00_AYCql2pqs2mP0L6-FhvdQCJ7lUbh9dnNsPwrIYNU16PW3Q&oe=67B85B32&_nc_sid=d885a2,299,qzPaeJwrMg,2014,7
Vega Vanilla Protein Powder: our #CostcoSavingsBook pick of the week.,https://scontent-lga3-1.cdninstagram.com/v/t51.2885-15/17662104_1376690612352011_1382501478106660864_n.jpg?stp=dst-jpg_e35_tt6&_nc_ht=scontent-lga3-1.cdninstagram.com&_nc_cat=111&_nc_oc=Q6cZ2AG0SLBTE7txmeq7zlF7nyoWfnnUC6HYpz53TXddJgs1bAQnINNQZgsFjkt-zmkCo4c&_nc_ohc=YOjWuBQFzJAQ7kNvgHZ5igz&_nc_gid=e0262aecdc6d4d2db013a07dbcec45f8&edm=ANTKIIoBAAAA&ccb=7-5&oh=00_AYAcNaFxJD7dTjNtLl7X4qDgI7zZbqCFZsGy_vcRO-DdhA&oe=67B874EC&_nc_sid=d885a2,546,BSOsYJOgiVd,2017,3
Whip up a quick meal with this #CostcoFind. üçΩ Save $10 through 4/10/22.  Available in warehouses and at Costco.com: Gourmia 7 Quart Digital Air Fryer,https://scontent-dfw5-2.cdninstagram.com/v/t51.29350-15/277630412_525477098991756_4959201791539307249_n.jpg?stp=dst-jpg_e35_tt6&_nc_ht=scontent-dfw5-2.cdninstagram.com&_nc_cat=100&_nc_oc=Q6cZ2AH3pF2gqcsnLmr3AVVrvvfpBLM1k5yKFaB8UXAx9kxQk73YRPY3MXSla-jVtY4-D6uT0j6fcf-JTN_7dCuEsCvo&_nc_ohc=QTv-9T-B4zoQ7kNvgHNWVTl&_nc_gid=cb12bb1582004b148ccba2e73b790be6&edm=ANTKIIoBAAAA&ccb=7-5&oh=00_AYD-tSR3CgrHij_IBYZutxyRb3maCYHftuK6xebAlofx5Q&oe=67B872EC&_nc_sid=d885a2,1625,Cb0CPmQuDI-,2022,4
Sweets for your sweet.,https://scontent-atl3-1.cdninstagram.com/v/t51.2885-15/10608087_1589345301301834_283045079_n.jpg?stp=dst-jpg_e15_tt6&_nc_ht=scontent-atl3-1.cdninstagram.com&_nc_cat=110&_nc_oc=Q6cZ2AG5yyKPTwr_5vmd8q4x0eqcOhfT0_4jLDcGHoZXPTxRGxd6yH_ARAHN-wNVy27HGd0&_nc_ohc=W11icBsm_QQQ7kNvgHmwECh&_nc_gid=5c559401d3d0440fa1c4dc78cd6982f4&edm=ANTKIIoBAAAA&ccb=7-5&oh=00_AYDFyGDbrfzBKSD3c6fobFUzilQau7Bo97phpIY4A5v4Rw&oe=67B84767&_nc_sid=d885a2,692,yshcDpQrGH,2015,2
Did someone say Fresh Berry Cream PIE? ‚Ä™#CostcoBakery,https://scontent-lga3-1.cdninstagram.com/v/t51.2885-15/11380972_1665992950303772_1601582995_n.jpg?stp=dst-jpg_e15_tt6&_nc_ht=scontent-lga3-1.cdninstagram.com&_nc_cat=108&_nc_oc=Q6cZ2AEV4gZpokrwvYE1wmGEzwm1n-0SM_AdYXdGf-hFrDFvr5gu-3CeFCSkN_HLsAuBebu3H1RrDFy0CEMN-L8mzJDw&_nc_ohc=MqhmumqvMaIQ7kNvgGlVQeT&_nc_gid=90befc36fa90499bb90221084607e046&edm=ANTKIIoBAAAA&ccb=7-5&oh=00_AYDToMSF9UOPUHr8Zqf7-EV-Jv6TJ54MfSsgvTOGKbv2WQ&oe=67B86F7A&_nc_sid=d885a2,1100,3_0Dh_wrFB,2015,6
"One small appliance, so many different uses! üçóüçï Save $40 through 9/26/21.  Available in warehouses and at Costco.com: Ninja Foodi 9-in-1 Digital Air Fry Oven",https://scontent-det1-1.cdninstagram.com/v/t51.29350-15/241431535_176859104526860_4866883291569135305_n.jpg?stp=dst-jpg_e35_tt6&_nc_ht=scontent-det1-1.cdninstagram.com&_nc_cat=108&_nc_oc=Q6cZ2AFXwyGuqBV2SN_pBcDSSIPj32meIItrQOc8MCK45yXTtGYQNM9Xyf1f38waAJjxIsUbn0_sJSCeibD2N3zwVzao&_nc_ohc=8xdKnRFAw8IQ7kNvgEawUg8&_nc_gid=393d0045af55406d8c89ba4bc5cfe38a&edm=ANTKIIoBAAAA&ccb=7-5&oh=00_AYDjXr-m5SnGYZT2pPRuu9ApKUhLZWeLTaBKTDT8BuCWyQ&oe=67B8526A&_nc_sid=d885a2,3239,CTnBn2CBRt_,2021,9
Something sweet and good to eat. #VitaminCDay,https://scontent-den2-1.cdninstagram.com/v/t51.2885-15/12912770_1724119897804492_2070942404_n.jpg?stp=dst-jpg_e35_tt6&_nc_ht=scontent-den2-1.cdninstagram.com&_nc_cat=104&_nc_oc=Q6cZ2AE16gMVhW7zhNjqcsiT9XkUhMOb2YNJXgpJvZD7-p_FUV3t8bkmdEaoY4DmFlybfRtsFbpCv8-bDGOxUkaE8ZzT&_nc_ohc=ftHL0kyarCgQ7kNvgFJ29qr&_nc_gid=29cefacea4234a1085d66618bb40a78c&edm=ANTKIIoBAAAA&ccb=7-5&oh=00_AYAFxoMh2_esF9Dkxi1K1JlzFMbIw9AUAV1F59moNBnehA&oe=67B85CBF&_nc_sid=d885a2,938,BDyonYzwrC5,2016,4
"Create, learn, work, and play like never before. Save $70 through Sunday, March 1, 2020. See additional colors on Costco.com.",https://scontent-iad3-2.cdninstagram.com/v/t51.2885-15/87481663_101968288039685_7469829106480230832_n.jpg?stp=dst-jpg_e35_tt6&_nc_ht=scontent-iad3-2.cdninstagram.com&_nc_cat=105&_nc_oc=Q6cZ2AEIRSgQj0_dB945Tzo9zfzUocfxewdzQBIi-XxdBTdvOIM4eygdt-eg0xEOiReVDcc&_nc_ohc=I6qrwob-1OcQ7kNvgECwzGQ&_nc_gid=a193e5e4a0df43c78e8bd2d15c2fb113&edm=ANTKIIoBAAAA&ccb=7-5&oh=00_AYDzOHoUgHK-LZG8iQH3j6NqU6LPp6uj4EtPvLXIju6ZVg&oe=67B86727&_nc_sid=d885a2,1935,B9Cw8MzgJfk,2020,2
"Introducing Seville, Costco Travel‚Äôs newest destination in Spain. The birthplace of flamenco dazzles with music, art, history and tradition. Add this magnificent place to your must-do list.",https://scontent-dfw5-2.cdninstagram.com/v/t51.2885-15/15538619_725841294244864_1053391487267504128_n.jpg?stp=dst-jpg_e35_tt6&_nc_ht=scontent-dfw5-2.cdninstagram.com&_nc_cat=104&_nc_oc=Q6cZ2AHWJ_2o6G08nQloDkee70oz1s1SIl04w71nygJhu0Lj_v2GJM6NmkIy0mfkjYcSUE0&_nc_ohc=DDyB-TOaZGIQ7kNvgFUXBp7&_nc_gid=c04ba96957ab4359b84bbbce83b749a3&edm=ANTKIIoBAAAA&ccb=7-5&oh=00_AYBYBF2e0__tUF5rxBha-XZpUXS6orysliwlVUzCTRO4Tw&oe=67B86142&_nc_sid=d885a2,761,BPLDGn4B8pw,2017,1
"Nail selfies. The side effect of fancy, fun polish. #ManiParty #JennaHippAtCostco",https://scontent-lga3-2.cdninstagram.com/v/t51.2885-15/10576134_266527180203324_1978656376_n.jpg?stp=dst-jpg_e15_tt6&_nc_ht=scontent-lga3-2.cdninstagram.com&_nc_cat=100&_nc_oc=Q6cZ2AHosnhXVP2F6DHuiqwwDsQmyzgFqXzn7HjTKKKSebE4ywZPViX27CVdyP_jItIq9Jk&_nc_ohc=qZOAJLw0tyUQ7kNvgH-xF5m&_nc_gid=fb11c8db01d24ae0b42223f7c7040fea&edm=ANTKIIoBAAAA&ccb=7-5&oh=00_AYDG6DJQjlf83Z490p61WaIzkUOcCElcUhsTjdB9_VfCbA&oe=67B86529&_nc_sid=d885a2,180,rAfxSewrPx,2014,7
Corral your snacks in this #CostcoFind for easy access. üçé  Available in warehouses and at Costco.com: iDESIGN‚Ñ¢ Linus Clear Plastic Fridge and Pantry Kitchen Organizers - Set of 4,https://scontent-iad3-1.cdninstagram.com/v/t51.29350-15/273966126_4828815647211620_6888296562990011839_n.jpg?stp=dst-jpg_e35_tt6&_nc_ht=scontent-iad3-1.cdninstagram.com&_nc_cat=108&_nc_oc=Q6cZ2AEAJvXcx4pwvDSJPRt73uL92tvMtcYaDN6H2peo7KcBXe6aH9W-6qqbuo4_fvDD0vE&_nc_ohc=f-OARMhnsDcQ7kNvgG1ItMv&_nc_gid=43792d56bdb04a95a5ade2c9efaf3df0&edm=ANTKIIoBAAAA&ccb=7-5&oh=00_AYDcu-N-OaWPf4rNfIynIAmJVbbUqdJSaS1j24kdDHn-8Q&oe=67B86247&_nc_sid=d885a2,3031,CaDRQZdFeRV,2022,2
The party starts here. Tune into the rechargeable iHome Color Changing Speaker.,https://scontent-atl3-1.cdninstagram.com/v/t51.2885-15/15538894_1822043111367667_6034023073391312896_n.jpg?stp=dst-jpg_e35_tt6&_nc_ht=scontent-atl3-1.cdninstagram.com&_nc_cat=107&_nc_oc=Q6cZ2AEq_awuv9VvC6g-oD6NzLLUyQpR9SdFhCwHDKzOU7S5Ne4aChHyvEDYxwqT-Uy4sOg&_nc_ohc=Op9WIimEFmoQ7kNvgGs3Y1p&_nc_gid=d2e681cb84a3451599526cb9dc450d59&edm=ANTKIIoBAAAA&ccb=7-5&oh=00_AYCxElY0bPlP2O7L-Z5nH3MMeDOZNtMgb5Z3jnFVU2d7OQ&oe=67B8660E&_nc_sid=d885a2,482,BOA5kW7BFaJ,2016,12
Bring Disney magic with you wherever you go. ‚ú® Save $2 through 10/12/21.  Available in warehouses: Disney Wet Brush Hair Care Set,https://scontent-lax3-2.cdninstagram.com/v/t51.29350-15/243938743_290338722618267_4816454673859997605_n.jpg?stp=dst-jpg_e35_tt6&_nc_ht=scontent-lax3-2.cdninstagram.com&_nc_cat=103&_nc_oc=Q6cZ2AEuaDpRryT1pWzpr98e8Bq3y7K9BseNJNa1rFjSjJAXhnW-P7sH3pwsblFVlky-NqjYAviZX0XoyIpwdaDDFHrQ&_nc_ohc=Ffej6pEtrN8Q7kNvgFoIJUx&_nc_gid=574f1d1015254b8aa00c1afb0d45ebd9&edm=ANTKIIoBAAAA&ccb=7-5&oh=00_AYCT9eax9iKBWwcGGlTXefGwlYag54utK_eQ2JJbE8KnQA&oe=67B84436&_nc_sid=d885a2,1134,CUdbhwxBvB4,2021,9
Want to improve fine lines and wrinkles while cushioning your skin with moisture? Pick up Elizabeth Arden Visible Difference Refining Moisture Cream Complex on your next visit. Even better ‚Äì it comes with a bonus makeup remover.,https://scontent-atl3-2.cdninstagram.com/v/t51.2885-15/13129309_1622483781410389_1010180002_n.jpg?stp=dst-jpg_e35_tt6&_nc_ht=scontent-atl3-2.cdninstagram.com&_nc_cat=101&_nc_oc=Q6cZ2AHiJi4rXwxYWSdSv8_devAPmDpXuyTdhAeUNdmFOaywtd8orfr7tg6EP93ZqbcyG8M&_nc_ohc=q7Czyw-L2uwQ7kNvgEYEuxg&_nc_gid=1f7ef5fe8b9a40d18e5f96f64432aaa6&edm=ANTKIIoBAAAA&ccb=7-5&oh=00_AYCOaKG974UJA5puf7YPX8Rdb-smhv_MLy5nQWx-ElNpAQ&oe=67B86BFB&_nc_sid=d885a2,406,BEwpCQ8wrM5,2016,4
"Brighten your day with ros√©, a #FridayFind for $8.99. Please drink responsibly. Selection varies by location.",https://scontent-ord5-2.cdninstagram.com/v/t51.2885-15/18879297_1931468727128894_7532699774722506752_n.jpg?stp=dst-jpg_e15_tt6&_nc_ht=scontent-ord5-2.cdninstagram.com&_nc_cat=102&_nc_oc=Q6cZ2AHuHcWStpgg2sUbxE16iNe51N6JlyNDuk0Zfd1p5gvOUF4skw29n--QoATGrdbCneI&_nc_ohc=PV2DJ8fx7_QQ7kNvgHX8ytS&_nc_gid=18b4fe87c8d8455f966519a079ca23f3&edm=ANTKIIoBAAAA&ccb=7-5&oh=00_AYDZpO280WPNWjXO4_AveUuA1s7FdF_npkL69fa5Ru6PDg&oe=67B87354&_nc_sid=d885a2,1132,BU2n8O0A9wO,2017,6
"This Maui vacation offers family-friendly condo comfort and beachfront bliss, plus a Costco Cash Card. That's and win, win, win! Visit Facebook.com/Costco to find a link to this package.",https://scontent-atl3-2.cdninstagram.com/v/t51.2885-15/22582026_362203930899496_3489188417172930560_n.jpg?stp=dst-jpg_e35_tt6&_nc_ht=scontent-atl3-2.cdninstagram.com&_nc_cat=104&_nc_oc=Q6cZ2AGVqozmu7cr3DjaLue56yWw26UM2MuUAKE_PW0Qx91jA_RSOjp940Gk4-G2O3gcRGY&_nc_ohc=GHUNMl7aVCkQ7kNvgGd_nRH&_nc_gid=e042bc0fa11e4d81a0aa1c5e4451c731&edm=ANTKIIoBAAAA&ccb=7-5&oh=00_AYCE9pk2JaSIwat4lCCOCKKg_8zA37Jx8fNw1JHX_Mfcrg&oe=67B86DFC&_nc_sid=d885a2,781,Bae4mdcnfPq,2017,10
Who else lines up before the warehouse opens? #Costco,https://scontent-dfw5-2.cdninstagram.com/v/t51.2885-15/35575998_187105005334340_4658907929716457472_n.jpg?stp=dst-jpg_e35_tt6&_nc_ht=scontent-dfw5-2.cdninstagram.com&_nc_cat=108&_nc_oc=Q6cZ2AHNg6rk29prj4Yw0oYDj5C4vy_0AAdmuxmEs2bxOW7L22Pu0t6TKOgySOxtl0Sz8SE&_nc_ohc=MQv_4g8ANMUQ7kNvgEZ0_TF&_nc_gid=efbaaf911afd4d5b8a6cd8add7b64640&edm=ANTKIIoBAAAA&ccb=7-5&oh=00_AYD8SrmPay7Dj0m1b1cWi3pTiCl1rRp-uGbnAUJxnjwo0g&oe=67B86AC0&_nc_sid=d885a2,1168,BkQ9xUgnJr4,2018,6
"Add a winter touch to your home. Find the Winter Village with Lights & Music, available only at Costco.com.",https://scontent-atl3-2.cdninstagram.com/v/t51.2885-15/44749290_320666271855974_4391785293684844676_n.jpg?stp=dst-jpg_e15_tt6&_nc_ht=scontent-atl3-2.cdninstagram.com&_nc_cat=102&_nc_oc=Q6cZ2AFigNmeQceLFa2mng3qoxrPW8aJcQUHw7oJl_NsXmsqCWUCqX8eCjYDy0_1qIh3fHOzP8lrDJoae2gq4D4asBXZ&_nc_ohc=aqe6MuOmHC0Q7kNvgHjlkm6&_nc_gid=042ee00b9c0245f186b3f9aaabc74748&edm=ANTKIIoBAAAA&ccb=7-5&oh=00_AYBijgsvjWwTd2orsk0SMZWSYyQOZqc2-O70Gpi60a0FSA&oe=67B85430&_nc_sid=d885a2,1052,BqtDKcrgtlx,2018,11
The new #CostcoSavingsBook is out!,https://scontent-dfw5-2.cdninstagram.com/v/t51.2885-15/83889209_122168602465190_7000335904870733787_n.jpg?stp=dst-jpg_e35_tt6&_nc_ht=scontent-dfw5-2.cdninstagram.com&_nc_cat=102&_nc_oc=Q6cZ2AFEgg1EPOcrQ7p5TR68a3wNhmGTmDPOriPPNlvdbBeTDsUaSwjGpbmLIphUDRI9NX4SRY4AwO-Kj-9VSXPiLfIj&_nc_ohc=gdbkL49TXbAQ7kNvgEDm-ze&_nc_gid=fea9be9fe8eb4974896c744e55770bc0&edm=ANTKIIoBAAAA&ccb=7-5&oh=00_AYDIJGeoQGOxEK0qjpRCHkZP1Pw5kyI-814AxMo8Che3Jw&oe=67B8579C&_nc_sid=d885a2,2402,B8MUWrfg9FB,2020,2
I spy something that begins with the letter O. #CostcoOrganics,https://scontent-atl3-2.cdninstagram.com/v/t51.2885-15/10919191_753959544683471_841946693_n.jpg?stp=dst-jpg_e15_tt6&_nc_ht=scontent-atl3-2.cdninstagram.com&_nc_cat=111&_nc_oc=Q6cZ2AGo3JLBieA6ZUahNVrFD9uuC8oQPk_00RmxPKZVzViCWi9ZIGYtB5gw2V_tQdi0Dr8_QrPagXN5XL9JHFlg1fmg&_nc_ohc=XHkXXcuKZ3MQ7kNvgFEF7sz&_nc_gid=2140dbd990d0402a924ff5825bb7aabc&edm=ANTKIIoBAAAA&ccb=7-5&oh=00_AYDNKtf7Hapzn390cIpcAgzPsVhGfF0nZoLjZ_YijDYDCg&oe=67B84619&_nc_sid=d885a2,661,xhv9XcwrIQ,2015,1
All it takes is one trip to get ready for the first day of Fall tomorrow! üçÇ,https://scontent-lax3-2.cdninstagram.com/v/t51.2885-15/307725981_428850629239043_6815955349683535247_n.jpg?stp=dst-jpg_e15_tt6&_nc_ht=scontent-lax3-2.cdninstagram.com&_nc_cat=111&_nc_oc=Q6cZ2AE8J8GlvHzeAp82IdZwHP8wJ0pNBsop8SJs6J1ogelHQSIKsF5t21xJONmGRUvKzfbGeIzYO0b3C-fq6MHtxDId&_nc_ohc=f7ldK_2TtJcQ7kNvgHO3xCN&_nc_gid=742653d1ceb44b809549b3709e7f38b0&edm=ANTKIIoBAAAA&ccb=7-5&oh=00_AYD1SaAE2-WRldGwL8MjtKi9QxZlLXSc7QO-yZEgUEz24Q&oe=67B85122&_nc_sid=d885a2,3691,CixrcR2JJ4r,2022,9
Hang on to your cold beverages! ‚ùÑÔ∏è  Available in warehouses: Reduce Cold 1 Mug 2 pack,https://scontent-atl3-2.cdninstagram.com/v/t51.29350-15/298554832_457238786065468_8372182271860208321_n.jpg?stp=dst-jpg_e35_tt6&_nc_ht=scontent-atl3-2.cdninstagram.com&_nc_cat=104&_nc_oc=Q6cZ2AGfDK6BInPNNSAdahF1utnbFrVdGSMLe0iLzEZct3hq7SMPHr9E-_AroFMG0oSCbR2q-NCVfRLEdloppX6o93SF&_nc_ohc=IiayKIIw1_cQ7kNvgF0mVjd&_nc_gid=14ecd87b89c3400184496576a8832bea&edm=ANTKIIoBAAAA&ccb=7-5&oh=00_AYDek0ywQMVeF2zJRKNbvd1QzBju9wNOw8wEzZF1mMTHXA&oe=67B86B1D&_nc_sid=d885a2,2982,ChKzEw1Jjoe,2022,8
Can you guess what's inside? Visit Facebook.com/Costco to find out.,https://scontent-lga3-2.cdninstagram.com/v/t51.2885-15/15258735_144591209354541_2784198938880638976_n.jpg?stp=dst-jpg_e15_tt6&_nc_ht=scontent-lga3-2.cdninstagram.com&_nc_cat=109&_nc_oc=Q6cZ2AFkWcoiqG9xs-18RyIvegUDCMm5wDgxdZpW9L3DJ-7mtyPjYTueQjscSipYcAj3aoyV3n4rhWmXI0XyB574ZLH4&_nc_ohc=3Idlb-B2BJIQ7kNvgEuJQvH&_nc_gid=440d3f258d344c67b87902ac3970c687&edm=ANTKIIoBAAAA&ccb=7-5&oh=00_AYB2BQ4e9DstCngEd5itgFMqcTvC-b4p-euU1lgoThUysw&oe=67B84265&_nc_sid=d885a2,346,BNfr5fAhaX7,2016,12
Huge fun for all sizes. Tag #Costco for a chance to be featured on our page.,https://scontent-dfw5-1.cdninstagram.com/v/t51.2885-15/15057333_1691990864463166_7210275377220943872_n.jpg?stp=dst-jpg_e35_tt6&_nc_ht=scontent-dfw5-1.cdninstagram.com&_nc_cat=110&_nc_oc=Q6cZ2AGmIl7W9Do8qNBGrBpmyyPW0kR6-x5eoW3-eeTikhraKEP3JQxFOp0R1IEoNaf-uxGPALGisU2sjJXVMOHD4oh2&_nc_ohc=24LzX73-M-oQ7kNvgEF5kgL&_nc_gid=c99d4d378e3a4a90a5ed7f029e4c1620&edm=ANTKIIoBAAAA&ccb=7-5&oh=00_AYAxF8AQKXXeouW7bTMjpZ8Ko6sRWQ_4kcF-1yLnF_x8WQ&oe=67B8561F&_nc_sid=d885a2,2528,BMy6_5chJ9R,2016,11
Are you ready for Mother's Day? Flowers and bouquets available in warehouses now.,https://scontent-mia3-2.cdninstagram.com/v/t51.2885-15/10932230_855198691221463_1256801980_n.jpg?stp=dst-jpg_e15_tt6&_nc_ht=scontent-mia3-2.cdninstagram.com&_nc_cat=107&_nc_oc=Q6cZ2AGwlEvZVZ8G8k089i1A_HsP90k55laNl10ldL40v9uAunmyl6ToGh01U1I5mab_RO5CyY6vdsSkreqYSI_sycWy&_nc_ohc=nx-YnEHpRlIQ7kNvgHDHvOl&_nc_gid=961f925352c44ba09f0cdb801a5e074c&edm=ANTKIIoBAAAA&ccb=7-5&oh=00_AYC9jqOh0RtpnGIpZ80J4Vz904gsufDTE0_gS9UiySJZFA&oe=67B85586&_nc_sid=d885a2,583,2W59UkQrGE,2015,5
Be the MVP this game day and stock up on all of your favorites at Costco!,https://scontent-atl3-1.cdninstagram.com/v/t51.2885-15/476027093_28914124548201535_463476742292386101_n.jpg?stp=dst-jpg_e35_tt6&_nc_ht=scontent-atl3-1.cdninstagram.com&_nc_cat=107&_nc_oc=Q6cZ2AHy0d8ThFJdTzy8DRL79ZA18OJmXggzZQuXbRS9LiPfV6kfmATEPwm_2GSD_pZQK5u96yNR2XUIEu18kA4hS7Cy&_nc_ohc=-Uj3byyvZrIQ7kNvgF18kVA&_nc_gid=78ea33e881a34fd6a34d63462f0bf5c2&edm=ANTKIIoBAAAA&ccb=7-5&oh=00_AYAXMoYQkA_3VqzR7Jz_pyEihnEz1SEmM_n05XMTmuekhw&oe=67B8462F&_nc_sid=d885a2,7515,DFqtBVdN8KE,2025,2
"Friendly reminder: We're closed Monday, May 31, 2021, for Memorial Day. Costco.com is open 24/7",https://scontent-lga3-2.cdninstagram.com/v/t51.29350-15/192461968_792012944789765_798095673391212035_n.jpg?stp=dst-jpg_e35_tt6&_nc_ht=scontent-lga3-2.cdninstagram.com&_nc_cat=105&_nc_oc=Q6cZ2AHyzzpeyHAMOckZ_xXYjMQAew7jGSvwBVaqOcvOFvASBmzRlY4w54-U3TgKni6V9mTCZObZxNFRiS8HF0tJrtom&_nc_ohc=ZaD5A8iQIl4Q7kNvgEmHCew&_nc_gid=b5ec9254a4204ea29294c303a7a02568&edm=ANTKIIoBAAAA&ccb=7-5&oh=00_AYDR4nLJJbE4su0_nxnxHpLaST37v9lHCxFI2kSzEzPk1Q&oe=67B859BD&_nc_sid=d885a2,3297,CPZA0koLfri,2021,5
Do we have a direct line to Kris Kringle? Maybe.,https://scontent-ord5-2.cdninstagram.com/v/t51.2885-15/10611021_681013095353054_273190092_n.jpg?stp=dst-jpg_e15_tt6&_nc_ht=scontent-ord5-2.cdninstagram.com&_nc_cat=102&_nc_oc=Q6cZ2AE_2Z0zAkjxSj7bk6Lg6xpTEJW2YGEQxwIZ-8K2wqdlEpUVCkKVWZQlnGzJVKKjjNU&_nc_ohc=Tsifm7VOtfEQ7kNvgGBURBm&_nc_gid=1da2e090937f48769892771c52700f87&edm=ANTKIIoBAAAA&ccb=7-5&oh=00_AYC_Kk8n2WYZq9y_sQANgCGDrFL18RjgS6YmMNAZbKQ0Bw&oe=67B85D24&_nc_sid=d885a2,376,vupYZ4wrPR,2014,11
Brewster knows the best place to get a dog bed. He is currently testing four at home for good measure. üêï  üì∑: @angusxmacgyver,https://scontent-sjc3-1.cdninstagram.com/v/t51.29350-15/280713983_316295883985709_5450732098530860545_n.jpg?stp=dst-jpg_e35_tt6&_nc_ht=scontent-sjc3-1.cdninstagram.com&_nc_cat=105&_nc_oc=Q6cZ2AFlEknkHqNZen5CclI-GvrErS9urYfGjhAl50fcWZjKVJ1oUSrfd1cIOVx9wFhcqwU1xGaOcxcIseCpu6TtggPX&_nc_ohc=O8p3CmG6utQQ7kNvgHWEr5k&_nc_gid=c491777174a545a59246e2993f9c21a9&edm=ANTKIIoBAAAA&ccb=7-5&oh=00_AYAlSLyf_hoxOXplUUTPxDurZ56EAJcJdUgW0rvEd61tgA&oe=67B860EC&_nc_sid=d885a2,4029,CdgMaRoO-HY,2022,5
